국가별,시점,국내총생산,고용률,국민부담률,경제활동참가율 (%),무역의존도_수출,무역의존도_수입,수출,수입,외환보유액,부채비율,실업률,평균근로자세금,디플레이터,GDP_성장률
한국,2000,12261,61.5,20.9,61.2,29.89,27.84,172268,160481,96198,,4.4,16.4,72.1,9.1
한국,2001,11563,62.2,21.2,61.5,27.47,25.76,150439,141098,102821,,4,16.5,74.6,4.9
한국,2002,13164,63.4,21.3,62.1,25.91,24.26,162471,152126,121413,,3.3,16.1,76.9,7.7
한국,2003,14669,63,22,61.6,27.59,25.45,193817,178827,155352,,3.6,16.4,79.5,3.1
한국,2004,16506,63.8,21.2,62.3,31.99,28.28,253845,224463,199066,,3.7,17,82,5.2
한국,2005,19399,63.7,21.7,62.2,30.43,27.95,284419,261238,210391,,3.7,17.3,82.9,4.3
한국,2006,21727,64,22.6,62.2,30.93,29.4,325465,309383,238956,,3.5,18.2,82.7,5.3
한국,2007,24088,64.1,23.7,62.2,31.68,30.43,371489,356846,262224,,3.2,19.7,84.7,5.8
한국,2008,21340,64,23.6,61.7,40.31,41.58,422007,435275,201223,,3.2,20,87.1,3
한국,2009,19152,63,22.7,61,38.5,34.21,363534,323085,269995,,3.6,19.5,90.2,0.8
한국,2010,23083,63.4,22.4,61.1,40.77,37.17,466384,425212,291571,,3.7,20.1,92.7,6.8
한국,2011,25100,63.9,23.2,61.3,44.3,41.84,555214,524413,306402,33.1,3.4,20,93.9,3.7
한국,2012,25458,64.3,23.7,61.6,42.87,40.66,547870,519584,326968,35,3.2,20.5,95.1,2.4
한국,2013,27178,64.6,23.1,61.7,40.83,37.62,559632,515586,346460,37.7,3.1,21,96,3.2
한국,2014,29242,65.6,23.4,62.7,38.59,35.41,572665,525515,363593,39.7,3.5,21.2,96.9,3.2
한국,2015,28724,65.9,23.7,62.8,35.95,29.79,526757,436499,367962,40.8,3.6,21.4,100,2.8
한국,2016,29287,66.1,24.7,62.9,33.03,27.08,495426,406193,371102,41.2,3.7,21.8,102,2.9
한국,2017,31605,66.6,25.4,63.2,35.34,29.48,573694,478478,389267,40.1,3.7,22,104.3,3.2
한국,2018,33429,66.6,26.8,63.1,35.06,31.02,604860,535202,403694,40,3.8,22.4,104.8,2.9
한국,2019,31929,66.8,27.4,63.3,32.84,30.49,542233,503343,408816,42.2,3.8,22.9,103.9,2.2
한국,2020,31637,65.9,,62.5,31.28,28.55,512498,467633,443098,,4,23.3,105.2,-0.9
이스라엘,2000,21101,56.1,34.8,61.4,21.35,26.54,28335,35214,23281,,11.1,29.6,83.4,7.5
이스라엘,2001,20354,55.6,34.7,61.3,19.62,24.95,25719,32697,23379,90.941,11.8,30.7,85.1,0.1
이스라엘,2002,18480,54.8,33.9,60.6,21.11,26.81,25632,32548,24083,94.569,12.9,30.8,89,0
이스라엘,2003,19034,55,33.2,60.9,21.89,26.43,27875,33657,26315,99.681,13.5,27.7,88.7,1.1
이스라엘,2004,19934,55.7,33.3,61.4,24.91,29.73,33804,40347,27094,97.684,13,26.4,88.8,4.2
이스라엘,2005,20586,56.7,33.7,61.8,25.66,31.16,36608,44453,28059,95.195,11.3,25.5,89.9,3.8
이스라엘,2006,21855,57.6,34.2,62.2,25.76,30.7,39714,47333,29153,84.956,10.7,24.3,91.3,5.6
이스라엘,2007,24939,58.9,34.2,62.8,25.65,31.34,45924,56115,28519,79.752,9.4,24.9,92.2,5.7
이스라엘,2008,29600,59.8,31.9,62.8,23.7,29.8,51276,64474,42513,80.229,7.7,22.9,94.2,3
이스라엘,2009,27720,59.2,29.8,62.9,20.24,22.58,42007,46863,60611,83.54,9.5,21.3,98.2,0.9
이스라엘,2010,30694,60.2,30.7,63.3,21.69,25.03,50766,58575,70907,79.539,8.5,20.7,100,5.6
이스라엘,2011,33611,60.9,31,63,22.25,27.84,58065,72663,74874,77.743,7.1,20.8,101.8,4.6
이스라엘,2012,32510,66.5,30.1,63.6,20.96,28.06,53892,72168,75908,78.815,6.9,20.4,106.2,2.4
이스라엘,2013,36316,67.1,30.8,63.7,19.42,24.28,56844,71071,81786,76.501,6.2,20.4,108.6,4.2
이스라엘,2014,37738,67.9,31,64.2,18.6,23.05,57657,71464,86101,77.106,5.9,21.1,109.4,3.9
이스라엘,2015,35814,68.3,31.2,64.1,17.84,20.44,53536,61340,90575,76.615,5.3,21.8,112.7,2.2
이스라엘,2016,37283,68.6,31.2,64.1,16.38,20.42,52175,65048,95446,75.776,4.8,22.3,113.8,3.8
이스라엘,2017,40475,69,32.5,64,15.05,19.28,53063,68006,113010,72.773,4.2,22.1,114,3.6
이스라엘,2018,41705,69,30.9,63.9,14.63,20.45,54211,75741,115266,71.496,4,22.7,115.3,3.5
이스라엘,2019,43589,68.9,30.5,63.5,13.15,19.18,51899,75697,126008,73.767,3.8,22.9,118,3.5
이스라엘,2020,43611,66.8,,,12.28,17.37,49372,69810,173292,,4.3,22.4,119.3,-2.4
일본,2000,38532,69,25.8,62.4,9.81,7.77,479296,379727,361639,140.804,4.8,29.8,112.1,2.8
일본,2001,33846,68.9,25.9,62,9.37,8.11,403241,349201,401958,146.843,5,29.9,110.9,0.4
일본,2002,32289,68.3,24.9,61.2,10.13,8.2,416726,337598,469728,157.095,5.4,30.2,109.3,0.1
일본,2003,34808,68.5,24.5,60.8,10.61,8.62,471816,383299,673530,166.315,5.3,27.4,107.6,1.5
일본,2004,37689,68.8,25.2,60.4,11.75,9.45,565673,455189,844667,172.611,4.7,27.3,106.4,2.2
일본,2005,37218,69.4,26.2,60.4,12.51,10.85,594860,515809,846896,173.223,4.5,27.7,105.1,1.7
일본,2006,35434,70,27,60.4,14.28,12.78,646737,579042,895321,173.229,4.2,28.8,104.2,1.4
일본,2007,35275,70.8,27.5,60.4,15.82,13.78,714211,622135,973364,175.053,3.9,29.3,103.4,1.7
일본,2008,39339,70.9,27.4,60.2,15.52,15.14,782049,762590,1030646,179.168,4,29.5,102.5,-1.1
일본,2009,40855,70.2,26,59.9,11.1,10.55,580719,551960,1052061,200.403,5.1,29.2,101.9,-5.4
일본,2010,44508,70.3,26.5,59.6,13.5,12.18,769773,694052,1104680,205.063,5.1,30.2,100,4.2
일본,2011,48168,70.8,27.5,59.3,13.36,13.89,822564,854998,1295838,219.259,4.6,30.8,98.4,-0.1
일본,2012,48603,70.6,28.2,59,12.87,14.28,798620,886036,1268086,227.53,4.4,31.3,97.6,1.5
일본,2013,40454,71.8,28.9,59.3,13.86,16.14,714613,832343,1266778,230.38,4,31.6,97.3,2
일본,2014,38109,72.8,30.3,59.4,14.23,16.75,690202,812207,1260514,235.843,3.6,32,98.9,0.4
일본,2015,34524,73.4,30.7,59.6,14.23,14.76,624787,647982,1233153,234.073,3.4,32.3,101,1.2
일본,2016,38762,74.4,30.7,60,13.1,12.34,644899,607601,1216843,231.872,3.1,32.4,101.4,0.5
일본,2017,38387,75.3,31.4,60.5,14.34,13.81,698131,671921,1264141,230.941,2.8,32.5,101.4,2.2
일본,2018,39159,76.9,32,61.5,14.9,15.11,738195,748526,1270466,234.789,2.4,32.7,101.4,0.3
일본,2019,40113,77.7,,62.1,13.93,14.24,705671,721078,1322443,233.669,2.4,32.7,102,0.3
일본,2020,34355.48,77.3,,62,,,,,1390809,224.9,2.8,32.7,,-4.8
터키,2000,4337,,23.5,50,10.1,19.82,27701,54367,23498,,6.5,40.4,21.8,6.9
터키,2001,3143,,25.4,49.8,15.53,20.55,31331,41454,19871,,8.4,43.6,33.3,-5.8
터키,2002,3688,,23.8,49.6,14.97,21.46,35974,51551,28101,,10.4,42.5,45.9,6.4
터키,2003,4760,,25,48.3,14.98,22.08,47125,69453,35549,,10.5,42.2,56.6,5.8
터키,2004,6102,,23.1,46.3,15.46,23.91,63196,97779,37252,,10.8,42.8,63.6,9.8
터키,2005,7456,,23.1,46.4,14.56,23.13,73715,117115,52491,,10.6,42.8,68.1,9
터키,2006,8102,44.6,23.4,45.5,15.44,25.17,86003,140234,63265,,8.7,42.7,74.5,6.9
터키,2007,9792,44.7,22.9,45.5,15.8,25.07,107654,170837,76506,,8.9,42.2,79.1,5
터키,2008,10941,44.9,23,46.2,17.19,26.2,132446,201851,73657,,9.7,38.7,88.6,0.8
터키,2009,9103,44.2,23.3,47.1,15.78,21.75,102471,141186,74995,,12.6,36.7,93.4,-4.8
터키,2010,10743,46.3,24.7,48.1,14.67,23.88,114022,185531,85971,48.901,10.7,37,100,8.4
터키,2011,11421,48.4,25.7,49.3,16.13,28.74,135288,241076,88210,43.603,8.8,37,108.2,11.2
터키,2012,11796,48.9,24.8,49.4,17.36,26.95,152905,237310,119177,40.941,8.2,37.1,116.2,4.8
터키,2013,12615,49.5,25.2,50.3,16.88,27.21,161698,260639,131004,34.284,8.7,37.4,123.5,8.5
터키,2014,12158,49.5,24.5,50.5,17.75,26.72,166658,250916,127307,33.234,9.9,38.1,132.7,4.9
터키,2015,11006,50.2,25,51.2,17.49,24.68,151158,213281,110527,32.6,10.2,38.2,143.1,6.1
터키,2016,10895,50.7,25.1,52,17.18,23.24,149390,202089,104971,34.354,10.8,38.2,154.7,3.3
터키,2017,10590,51.6,24.7,52.8,19.17,27.78,164671,238662,107657,34.861,10.8,38.9,171.7,7.5
터키,2018,9453,52,24,53.2,22.78,29.61,177328,230447,92997,32.362,10.9,39.2,200,3
터키,2019,9127,50.3,23.1,52.9,23.77,27.61,181021,210261,105620,34.816,13.7,39.6,227.8,0.9
터키,2020,8538,47.5,,49.3,23.58,30.52,169835,219758,93199,,13.1,39.7,261.6,1.8
캐나다,2000,24271,70.9,34.7,65.8,38.68,32.71,288057,243646,32425,105.071,6.8,32.9,79.8,4.9
캐나다,2001,23822,70.8,34.1,65.9,36.65,30.56,270824,225847,34253,104.776,7.2,31.5,81.2,1.4
캐나다,2002,24255,71.4,33.1,66.9,34.51,29.84,262476,226952,37189,103.575,7.7,31.7,82.2,3.4
캐나다,2003,28300,72.2,32.7,67.6,31.7,27.32,283926,244646,36267,99.241,7.6,31.7,84.8,3.8
캐나다,2004,32144,72.5,32.7,67.5,32.01,27.21,328673,279361,34477,95.322,7.2,31.9,87.6,3.9
캐나다,2005,36383,72.4,32.7,67.1,31.6,27.29,370734,320129,33018,93.873,6.8,31.9,90.4,5
캐나다,2006,40504,72.7,32.7,67,30.2,27.04,398470,356714,35063,91.149,6.3,31.7,92.7,4.2
캐나다,2007,44660,73.3,32.5,67.4,29.32,26.45,430613,388490,41082,86.954,6,31.3,95.7,6.9
캐나다,2008,46711,73.4,31.2,67.6,29.67,26.91,460709,417928,43873,89.725,6.1,31.3,99.5,1
캐나다,2009,40876,71.3,32.3,67.1,23.49,23.93,322965,329000,54357,102.711,8.3,30.5,97.2,-2.9
캐나다,2010,47562,71.3,31,66.9,24.26,24.84,392346,401709,57151,105.016,8.1,30.4,100,3.1
캐나다,2011,52224,71.7,30.8,66.7,25.73,25.71,461441,461006,65819,107.66,7.5,30.6,103.2,3.1
캐나다,2012,52669,71.9,31.2,66.5,25.26,25.99,461876,475105,68546,111.306,7.3,30.8,104.5,1.8
캐나다,2013,52635,72.3,31.1,66.5,25.2,25.62,465271,473160,71936,107.323,7.1,31,106.3,2.3
캐나다,2014,50956,72.1,31.3,66,26.55,26.3,479377,475000,74700,108.351,6.9,31.6,108.4,2.9
캐나다,2015,43596,72.4,32.8,65.8,26.35,27.59,410200,429490,79753,114.634,6.9,31.5,107.4,0.7
캐나다,2016,42316,72.3,33.3,65.7,25.79,27.04,394055,413106,82718,114.149,7,31.4,108.2,1
캐나다,2017,45129,73.2,33.1,65.8,25.72,26.88,424216,443282,86678,108.556,6.3,30.6,111,3
캐나다,2018,46455,73.5,33.2,65.4,26.34,27.22,453475,468729,83926,107.383,5.8,30.8,113,2.4
캐나다,2019,46327,74.2,33.5,65.7,25.88,26.55,450805,462392,85297,106.681,5.7,30.5,114.8,1.9
캐나다,2020,43242,70,,64,23.86,25.54,392129,419688,90428,141.582,9.5,30.4,115.7,-5.4
멕시코,2000,7158,,11.5,61.7,23.46,2.73,166072,19319,35577,,2.7,12.7,57.9,4.9
멕시코,2001,7545,,12.2,61,20.99,2.5,158821,18884,44805,,2.6,13.3,61.4,-0.4
멕시코,2002,7593,,12.6,57.9,20.87,2.37,161124,18294,50672,,3,15.9,64.8,0
멕시코,2003,7075,,12.7,58.3,22.6,2.27,164846,16545,59026,36.503,3.5,16.8,67.4,1.4
멕시코,2004,7484,,11.6,58.9,24.03,2.33,187956,18246,64202,31.461,3.9,15.3,72.7,3.9
멕시코,2005,8278,60.1,11.4,59.3,24.4,2.43,214074,21351,74110,30.92,3.6,14.7,77,2.3
멕시코,2006,9068,61,11.6,60.1,25.63,2.52,250015,24588,76329,30.743,3.6,15.1,81.9,4.5
멕시코,2007,9643,61,12,60.1,25.83,2.57,271881,27023,87208,32.436,3.6,15.9,86.7,2.3
멕시코,2008,10017,60.7,12.6,59.9,26.29,2.65,291856,29448,95298,34.318,3.9,15.1,92,1.1
멕시코,2009,8003,59.8,12.5,59.9,25.5,2.03,229515,18239,99892,30.564,5.4,15.3,95.7,-5.3
멕시코,2010,9271,59.7,12.8,59.7,28.21,2.37,298384,25085,120587,31.147,5.3,16,100,5.1
멕시코,2011,10203,60,12.8,59.8,29.63,2.52,349730,29724,149208,37.141,5.2,18.7,105.8,3.7
멕시코,2012,10242,60.9,12.6,60.4,30.83,2.46,370289,29590,167050,41.13,4.9,19,110.1,3.6
멕시코,2013,10725,60.8,13.3,60.3,29.81,2.46,379963,31366,180200,47.108,4.9,19.3,111.8,1.4
멕시코,2014,10929,60.4,13.7,59.8,30.2,2.4,397280,31617,195682,50.401,4.8,19.5,116.8,2.8
멕시코,2015,9617,60.7,15.9,59.8,32.53,2.24,381170,26214,177597,54.744,4.3,19.8,120.1,3.3
멕시코,2016,8745,61,16.6,59.7,34.6,1.92,373175,20753,178025,52.848,3.9,20.1,126.8,2.6
멕시코,2017,9288,61.1,16.1,59.3,35.23,1.93,408301,22325,175448,53.223,3.4,20.4,135.4,2.1
멕시코,2018,9687,61.5,16.2,59.6,36.75,1.98,449221,24145,176380,55.787,3.3,19.7,142,2.2
멕시코,2019,9946,62.2,16.5,60.1,36.22,,459597,,183024,59.295,3.5,20.2,147.9,-0.1
멕시코,2020,8347,,,55.5,38.68,,416235,,199056,,4.5,20.2,152.2,-8.2
미국,2000,36335,74.1,28.3,67.1,7.63,12.28,781918,1259297,67646,72.129,4,30.8,,4.1
미국,2001,37133,73.1,27.3,66.8,6.89,11.14,729100,1179177,68679,74.79,4.7,30.7,,1
미국,2002,38023,71.9,25,66.6,6.34,10.97,693103,1200227,79005,80.403,5.8,30.6,,1.7
미국,2003,39496,71.2,24.5,66.2,6.33,11.37,724771,1303050,85937,81.878,6,30.5,,2.9
미국,2004,41713,71.2,24.8,66,6.67,12.49,814875,1525516,86935,88.866,5.5,30.5,,3.8
미국,2005,44115,71.5,26.1,66.1,6.91,13.31,901082,1735061,65127,88.587,5.1,30.4,,3.5
미국,2006,46299,72,26.8,66.2,7.43,13.88,1025967,1918077,65895,85.943,4.6,30.6,,2.9
미국,2007,47976,71.8,26.8,66,7.94,13.98,1148199,2020403,70565,86.379,4.6,30.9,,1.9
미국,2008,48383,70.9,25.7,66,8.75,14.75,1287442,2169487,77648,102.409,5.8,30.1,98.1,-0.1
미국,2009,47100,67.6,23,65.4,7.31,10.79,1056000,1559700,130760,115.678,9.3,30.3,98.8,-2.5
미국,2010,48467,66.7,23.5,64.7,8.53,12.77,1278300,1913800,132433,125.812,9.6,30.7,100,2.6
미국,2011,49883,66.6,23.8,64.1,9.54,14.21,1482400,2208000,147953,130.969,9,29.9,102.1,1.6
미국,2012,51603,67.1,24,63.7,9.54,14.05,1545800,2276000,150175,132.704,8.1,29.8,104,2.2
미국,2013,53107,67.4,25.6,63.3,9.4,13.51,1578500,2268100,144575,136.253,7.4,31.5,105.9,1.8
미국,2014,55050,68.1,25.9,62.9,9.25,13.44,1621700,2356100,130090,135.607,6.2,31.6,107.8,2.5
미국,2015,56863,68.7,26.2,62.7,8.24,12.33,1503400,2248800,117581,136.451,5.3,31.4,108.9,3.1
미국,2016,58021,69.4,25.8,62.8,7.74,11.67,1451500,2186800,117332,138.131,4.9,31.6,110,1.7
미국,2017,60110,70.1,26.7,62.9,7.92,11.97,1547200,2339600,123293,134.69,4.4,31.8,112.1,2.3
미국,2018,63064,70.7,24.4,62.9,8.08,12.31,1665700,2537700,125798,136.198,3.9,29.6,114.8,3
미국,2019,65280,71.4,24.5,63.1,7.67,11.65,1643100,2497500,129479,134.999,3.7,29.7,116.8,2.2
미국,2020,63544,67.1,,61.8,,,,,144890,160.281,8.1,30.1,118.2,-3.5
칠레,2000,5075,,18.8,55.9,24.67,,19210,,15353,,10.5,7,57,5.3
칠레,2001,4575,,19,55,25.74,,18272,,14398,,10.4,7,59.2,3.3
칠레,2002,4446,,19.1,54.5,26.07,,18180,,15343,,10.2,7,61.2,3.1
칠레,2003,4773,,18.8,55,28.62,,21651,,15842,23.743,9.8,7,64,4.1
칠레,2004,6195,,19.1,55.4,33.29,,33025,,15997,20.687,10.2,7,69,7.2
칠레,2005,7599,54.4,20.7,55.7,34.13,,41974,,16933,16.347,9.3,7,74.3,5.7
칠레,2006,9465,55.5,22,56.9,38.36,,59380,,19396,13.33,9,7,83.3,6.3
칠레,2007,10502,56.3,22.7,57.4,39.49,,68561,,16842,11.324,8.4,7,87.7,4.9
칠레,2008,10751,57.3,21.4,58.6,35.91,,64510,,23078,12.444,9.3,7,87.7,3.5
칠레,2009,10209,56.1,17.3,58.4,32.17,,55463,,25292,13.312,11.3,7,91.8,-1.6
칠레,2010,12808,60.1,19.6,58.7,32.54,,71109,,27828,15.309,8.4,7,100,5.8
칠레,2011,14637,62,21.1,60,32.28,,81438,,41944,17.973,7.3,7,103.1,6.1
칠레,2012,15352,62.7,21.3,59.7,29.22,,78063,,41649,18.455,6.7,7,104.3,5.3
칠레,2013,15843,63.2,19.9,59.7,27.58,,76770,,41093,18.91,6.2,7,106.3,4
칠레,2014,14671,63.2,19.6,60,28.81,,75065,,40447,22.434,6.7,7,112.6,1.8
칠레,2015,13574,63.5,20.4,59.9,25.43,,62035,,38641,24.361,6.5,7,118.2,2.3
칠레,2016,13754,63.3,20.1,59.6,24.24,,60718,,40493,28.1,6.7,7,123.5,1.7
칠레,2017,14999,63.9,20.2,59.9,24.84,,68823,,38982,29.066,7,7,129.4,1.2
칠레,2018,15888,64.1,21.1,59.8,25.27,,75200,,39859,31.812,7.2,7,132.4,3.7
칠레,2019,14742,64.1,20.7,59.6,25.02,,69889,,40656,37.776,7.3,7,135,0.9
칠레,2020,13232,55.8,,55.3,28.36,,71728,,39166,43.821,11.2,7,146.3,-5.8
콜롬비아,2000,2520,,15.7,64.9,13.17,11.77,13159,11757,9005,,20.5,,,2.9
콜롬비아,2001,2440,,17.3,67.6,12.55,13.05,12330,12821,10245,,15,,,1.7
콜롬비아,2002,2397,,17.2,66.6,12.22,12.96,11975,12695,10844,,14.5,,,2.5
콜롬비아,2003,2281,,17.3,67.4,13.87,14.67,13129,13882,10920,,13.2,,,3.9
콜롬비아,2004,2783,,18,65.9,14.34,14.32,16788,16764,13537,,12.7,,,5.3
콜롬비아,2005,3414,,18.3,65.3,14.52,14.56,21146,21204,14955,,11.1,,77.2,4.8
콜롬비아,2006,3741,,19.3,65,15.17,16.19,24512,26163,15437,,11.3,,81.6,6.7
콜롬비아,2007,4714,60.2,19.3,63.2,14.69,15.96,30279,32897,20952,,10.3,,85.8,6.7
콜롬비아,2008,5473,60.5,19,63.7,15.19,16.38,36787,39666,23670,,10.5,,92.5,3.3
콜롬비아,2009,5193,62.3,18.8,66.6,14.13,14.15,32846,32891,24991,,11.3,,96.4,1.1
콜롬비아,2010,6337,63.7,18.1,67.8,13.86,14.13,39713,40486,28077,,11,,100,4.5
콜롬비아,2011,7335,65.1,18.9,68.5,16.99,16.19,56915,54233,31910,,10.1,,106,6.9
콜롬비아,2012,8050,66.3,19.7,69.4,16.21,15.92,60125,59048,36998,,9.7,,109.9,3.9
콜롬비아,2013,8218,66.5,20,69,15.39,15.54,58826,59381,43158,,9.1,,112.6,5.1
콜롬비아,2014,8114,67.1,19.6,69.2,14.39,16.8,54857,64029,46807,,8.6,,115,4.5
콜롬비아,2015,6176,67.6,19.9,69.5,12.27,18.42,36018,54058,46223,68.537,8.3,,117.8,3
콜롬비아,2016,5871,67.2,19.1,69.1,11.23,15.87,31768,44890,46176,73.091,8.7,,123.8,2.1
콜롬비아,2017,6377,66.9,19,68.9,12.19,14.77,38022,46071,47131,75.189,8.9,,130.2,1.4
콜롬비아,2018,6730,66.4,19.3,68.4,12.54,15.33,41905,51230,47888,88.967,9.1,,135,2.6
콜롬비아,2019,6425,65.2,19.7,67.5,12.21,16.29,39489,52703,52652,82.772,10,,141.9,3.3
콜롬비아,2020,5333,57.5,,62.7,11.45,16.03,31056,43489,58500,,15,,,-6.8
코스타리카,2000,3789,,,58.9,39.51,42.22,5932,6339,1318,,5.1,,36,3.9
코스타리카,2001,3960,,,61,31.67,41.13,5060,6571,1330,,5.9,,39.5,3.5
코스타리카,2002,4043,,,60.7,31.9,44.12,5289,7315,1502,,6.3,,43.4,3.4
코스타리카,2003,4148,,,61,35.69,45.78,6164,7906,1839,,6.6,,48,4.3
코스타리카,2004,4405,,,59.8,34.61,44.56,6441,8293,1922,,6.4,,54.4,4.4
코스타리카,2005,4676,,,62.1,35.68,48.11,7151,9641,2313,,6.6,,61.4,4
코스타리카,2006,5227,,,61.7,37.21,56.09,8453,12741,3115,,5.7,,69.4,7.3
코스타리카,2007,6104,,,62.6,35.59,52.43,9569,14096,4114,,4.5,,76.7,8.2
코스타리카,2008,6901,,,62.1,31.19,49.64,9606,15289,3799,,4.8,,85.5,4.7
코스타리카,2009,6801,,,61.5,28.74,37.58,8837,11554,4066,,7.7,,93.8,-0.9
코스타리카,2010,8227,,,59.2,24.02,36.97,9045,13921,4627,,7.2,,100,5.4
코스타리카,2011,9230,58.1,,58.9,23.91,42.71,10224,18265,4756,,10.1,,104.6,4.4
코스타리카,2012,10075,61.8,,62.5,23.85,38.78,11267,18316,6857,,9.8,,109.5,4.9
코스타리카,2013,10744,61.8,,61.9,22.53,35.58,11480,18128,7331,,8.8,,114.6,2.5
코스타리카,2014,10847,61.7,,62.1,21.63,33.75,11250,17558,7211,,9.1,,121.7,3.5
코스타리카,2015,11643,60.7,,60.8,16.69,28.83,9422,16274,7834,,9,,126.5,3.7
코스타리카,2016,12011,58.7,,57.8,17.84,27.43,10500,16143,7574,,8.6,,129,4.2
코스타리카,2017,12226,59.8,,58.2,18.03,27.75,10913,16796,7150,,8.1,,132.7,4.2
코스타리카,2018,12469,61,,60.2,18.48,29.27,11521,18247,7501,,9.6,,136.1,2.1
코스타리카,2019,12670,61.6,,62.3,18.55,27.48,11864,17573,8937,,11.5,,139.1,2.2
코스타리카,2020,12077,54.8,,58.7,20.23,24.77,12443,15237,7232,,17.4,,139.4,-4.5
오스트리아,2000,24564,68.5,42.3,58.7,34.29,36.66,67479,72143,17650,71.05,4.7,47.3,84.1,3.4
오스트리아,2001,24538,68.4,43.9,58.2,35.87,37.85,70782,74689,15598,72.122,4,46.9,85.7,1.3
오스트리아,2002,26402,68.8,42.7,59,36.89,36.7,78716,78308,13182,74.025,4.9,47.1,86.7,1.7
오스트리아,2003,32223,69,42.4,59.2,37.16,38.07,97255,99615,12729,72.532,4.8,47.4,87.8,0.9
오스트리아,2004,36822,66.5,42,57.3,39.33,39.87,118359,119961,12188,71.765,5.8,48.3,89.4,2.7
오스트리아,2005,38403,67.4,41,58.6,39.56,40.24,125007,127145,11828,76.252,5.6,48.1,91.6,2.2
오스트리아,2006,40635,68.6,40.4,59.1,40.75,40.89,136933,137388,12911,72.686,5.2,48.5,93.4,3.5
오스트리아,2007,46856,69.9,40.5,59.9,42.15,42.01,163839,163281,18219,68.965,4.9,48.8,95.4,3.7
오스트리아,2008,51709,70.8,41.4,60.2,42.2,42.84,181576,184335,16699,74.193,4.1,49,97.3,1.5
오스트리아,2009,47963,70.3,41,60.5,34.25,35.75,137050,143075,18052,86.33,5.3,47.9,99.1,-3.8
오스트리아,2010,46858,70.8,41,60.4,38.9,40.55,152443,158928,22284,90.544,4.8,48.2,100,1.8
오스트리아,2011,51375,71.1,41.1,60.5,41.17,44.41,177490,191446,25161,91.474,4.6,48.5,101.8,2.9
오스트리아,2012,48568,71.4,41.8,60.8,40.73,43.64,166757,178658,27211,97.338,4.9,48.8,103.9,0.7
오스트리아,2013,50717,71.4,42.6,60.9,40.72,42.61,175118,183243,23290,94.36,5.3,49.2,105.6,0
오스트리아,2014,51717,71.1,42.7,60.7,40.33,41.2,178238,182092,24941,101.869,5.6,49.4,107.9,0.7
오스트리아,2015,44178,71.1,43.1,60.7,40.01,40.88,152759,156078,22236,101.285,5.7,49.6,110.4,1
오스트리아,2016,45277,71.6,41.8,61.2,38.44,39.86,152054,157657,23359,102.534,6,47.3,112.4,2
오스트리아,2017,47309,72.2,41.8,61.2,40.38,42.24,168059,175789,21574,96.547,5.5,47.4,113.4,2.4
오스트리아,2018,51453,73,42.2,61.4,40.62,42.58,184778,193682,23207,90.954,4.9,47.6,115.3,2.6
오스트리아,2019,50122,73.5,42.4,61.4,40.14,41.51,178660,184747,23600,88.894,4.5,47.9,117.3,1.4
오스트리아,2020,48105,72.4,,60.8,39.38,40.08,168920,171944,30470,,5.4,47.3,118.8,-6.6
벨기에,2000,23042,60.5,43.8,52.3,79.54,74.94,187887,177005,12271,121.659,6.6,57.1,83.7,3.7
벨기에,2001,22995,60,43.7,50.9,80.47,75.55,190352,178718,13560,120.046,6.2,56.7,85.3,1.1
벨기에,2002,24888,59.9,43.9,51.2,83.98,77.08,215971,198223,14698,119.532,6.9,56.3,86.7,1.7
벨기에,2003,30588,59.6,43.3,51.4,80.54,74.03,255631,234962,14449,115.745,7.7,55.7,88.3,1
벨기에,2004,35364,60.4,43.5,52,83.25,77.5,306807,285611,13991,111.362,7.4,55.4,90,3.6
벨기에,2005,36796,61.1,43.4,53.3,86.7,82.63,334278,318589,11996,108.988,8.4,55.5,91.9,2.3
벨기에,2006,38673,61,43.2,53.1,89.91,86.19,366760,351571,13437,101.07,8.3,55.5,94,2.6
벨기에,2007,44263,62,42.9,53.6,91.66,87.6,431120,412012,16506,94.634,7.5,55.6,95.8,3.7
벨기에,2008,48107,62.4,43.6,53.7,91.87,90.71,473350,467382,15646,102.367,7,55.9,97.6,0.4
벨기에,2009,44584,61.6,42.7,53.5,77.11,73.71,371147,354782,23982,110.73,7.9,55.7,98.1,-2
벨기에,2010,44142,62,42.9,54.1,84.77,81.35,407705,391275,26814,108.68,8.3,55.9,100,2.9
벨기에,2011,47349,61.9,43.5,53.2,91.03,89.34,475775,466916,29432,111.62,7.1,56.1,101.8,1.7
벨기에,2012,44673,61.8,44.3,53.3,89.95,88.58,446337,439536,30769,120.988,7.5,56,103.8,0.7
벨기에,2013,46745,61.8,45,53.6,89.84,86.57,468624,451580,26924,118.656,8.4,55.7,105.1,0.5
벨기에,2014,47701,61.9,44.8,53.5,88.31,84.86,472198,453706,25395,130.61,8.5,55.6,106.2,1.6
벨기에,2015,40992,61.8,44.1,53.3,85.85,81.26,396773,375541,24099,126.243,8.5,55.3,107.6,2
벨기에,2016,41984,62.3,43.3,53.1,83.74,79.76,398391,379428,23565,127.671,7.8,53.9,109.6,1.3
벨기에,2017,44089,63.1,43.8,53.8,85.67,81.59,429640,409210,26159,120.862,7.1,53.8,111.6,1.6
벨기에,2018,47555,64.5,43.9,54.2,86.24,83.72,468638,454968,26870,117.727,6,52.7,113.5,1.8
벨기에,2019,46414,65.3,42.9,54.4,83.81,80.23,446901,427845,28957,120.287,5.4,52.3,115.3,1.8
벨기에,2020,44594,64.7,,53.8,81.48,76.87,419910,396125,33321,142.446,5.6,51.5,116.6,-6.3
체코,2000,6029,65,32.3,60.1,46.9,,28996,,13142,24.316,8.8,42.6,81.8,4
체코,2001,6637,65,32.4,59.6,49.26,,33399,,14464,28.278,8,42.6,85.8,3
체코,2002,8061,65.4,33.3,59.5,46.82,,38488,,23710,30.585,7,43,88.2,1.6
체코,2003,9819,64.7,34.1,59.2,48.66,,48709,,26957,33.317,7.5,43.2,89.3,3.6
체코,2004,11750,64.2,34.5,59,56.08,,67194,,28449,32.902,8.2,43.5,92.9,4.8
체코,2005,13431,64.8,34.2,59.4,56.86,55.66,77985,76340,29555,32.401,7.9,43.7,93,6.6
체코,2006,15262,65.3,33.8,59.3,60.89,59.79,95143,93430,31454,31.972,7.2,42.5,93.6,6.8
체코,2007,18467,66.1,34.1,58.8,64.55,62.29,122760,118467,34905,30.561,5.3,42.9,96.9,5.6
체코,2008,22805,66.6,33.3,58.5,61.82,60.03,146406,142172,37013,32.965,4.4,43.4,98.9,2.7
체코,2009,19862,65.4,32.1,58.7,54.56,50.74,113176,105256,41611,39.66,6.7,42,101.4,-4.7
체코,2010,19960,65,32.2,58.4,63.62,60.55,133020,126600,42493,44.059,7.3,42.1,100,2.4
체코,2011,21871,65.7,33,58.3,70.96,66.27,162897,152122,40291,46.983,6.7,42.6,100,1.8
체코,2012,19871,66.6,33.4,58.6,75.25,67.76,157167,141515,44883,56.23,7,42.5,101.4,-0.8
체코,2013,20133,67.7,33.7,59.3,76.67,68.18,162302,144320,56217,55.97,7,42.4,102.8,0
체코,2014,19891,69,32.9,59.3,83.6,73.67,175017,154233,54493,54.843,6.1,42.6,105.5,2.3
체코,2015,17830,70.2,33.1,59.4,83.96,75.18,157881,141367,64491,51.707,5.1,42.8,106.5,5.4
체코,2016,18575,72,34,59.9,82.9,72.88,162716,143041,85729,47.433,4,43,107.7,2.5
체코,2017,20636,73.6,34.4,60.2,83.35,74.73,182236,163374,147976,43.328,2.9,43.4,109.1,5.2
체코,2018,23420,74.8,35,60.6,81.44,74.35,202751,185102,142512,39.738,2.2,43.7,111.9,3.2
체코,2019,23490,75.1,34.9,60.4,79.65,71.63,199676,179569,149855,37.732,2,43.9,116.3,2.3
체코,2020,22762,74.4,,59.8,79.08,70.25,192574,171073,166113,46.989,2.6,43.9,121.4,-5.6
덴마크,2000,30744,76.3,46.9,65.5,30.69,27.02,50380,44356,15678,60.456,4.5,41.5,79.1,3.7
덴마크,2001,30752,76.2,45.9,65.2,30.99,26.78,51068,44124,17667,58.277,4.2,40.6,81.1,0.8
덴마크,2002,33229,75.9,45.4,65.6,31.52,27.37,56304,48886,27688,58.147,4.3,40,83,0.5
덴마크,2003,40459,75.1,45.6,65.5,29.93,25.78,65267,56216,37977,56.069,5.4,40,84.2,0.4
덴마크,2004,46512,75.7,46.4,65.9,30.08,26.61,75620,66886,40054,52.336,5.2,38.6,86,2.7
덴마크,2005,48800,75.9,48,65.7,31.11,27.49,82278,72710,34028,45.119,4.8,38.5,88.5,2.3
덴마크,2006,52027,77.4,46.5,65.9,32.13,29.75,90903,84161,31084,40.493,3.9,38.6,90.3,3.9
덴마크,2007,58487,77,46.4,65.7,31.91,30.48,101942,97344,34324,34.594,3.8,38.8,92.5,0.9
덴마크,2008,64322,76.3,44.8,65.1,32.92,30.85,116331,109013,42317,41.94,3.7,38.6,96.4,-0.5
덴마크,2009,58163,73.5,45,64.4,28.67,24.94,92115,80107,76653,49.267,6.4,37.2,96.9,-4.9
덴마크,2010,58041,71.8,44.8,63.5,29.88,25.69,96220,82720,76520,53.441,7.8,35.9,100,1.9
덴마크,2011,61754,71.6,44.8,63.1,32.76,27.91,112706,96004,85047,60.111,7.8,36.1,100.6,1.3
덴마크,2012,58508,71,45.5,62.3,32.43,27.92,106102,91325,89698,60.615,7.8,36.2,103,0.2
덴마크,2013,61191,70.8,45.9,61.4,32.15,28.31,110470,97257,88667,56.732,7.4,35.8,103.9,0.9
덴마크,2014,62549,71.1,48.5,61.3,31.37,28.05,110739,99032,75376,59.142,6.9,35.6,105,1.6
덴마크,2015,53255,72,46.1,61.3,31.24,28.15,94567,85211,65187,53.428,6.3,35.9,105.5,2.3
덴마크,2016,54664,72.7,45.5,61.7,30.25,26.96,94731,84430,64245,51.506,6,35.9,105.7,3.2
덴마크,2017,57610,73.2,45.8,61.7,30.58,27.78,101573,92251,75244,48.985,5.8,35.8,107,2.8
덴마크,2018,61599,74.1,44.4,61.8,30.41,28.49,108524,101666,70936,47.178,5.1,35.4,107.8,2.2
덴마크,2019,60213,75,46.3,62.4,31.42,27.77,109989,97209,66818,47.766,5,35.5,108.6,2.8
덴마크,2020,60909,74.4,,62,30.19,27.25,107227,96800,72816,58.986,5.6,35.2,111.4,-2.7
에스토니아,2000,4076,60.3,31,58.9,55.61,74.36,3166,4234,923,6.788,13.4,41.3,58.2,10.1
에스토니아,2001,4509,61.1,30.3,58.2,52.94,68.69,3314,4300,823,6.649,13.1,41,62.2,6
에스토니아,2002,5345,61.3,31,57.2,46.77,65.25,3448,4811,1003,7.534,10,42.1,65.2,6.8
에스토니아,2003,7206,63,30.8,59,45.95,65.61,4539,6481,1377,8.352,11.3,42.3,67.7,7.6
에스토니아,2004,8913,63.2,31,59.1,48.86,68.63,5934,8334,1792,8.349,10.3,41.5,70.9,6.8
에스토니아,2005,10406,64.8,29.8,58.7,54.6,72.44,7698,10213,1947,8.25,8,39.9,75.1,9.5
에스토니아,2006,12632,68.4,30.5,60.6,57.05,79.19,9705,13472,2786,8.115,5.9,39,81.9,9.7
에스토니아,2007,16742,69.7,31,60.6,49.09,69.89,11018,15686,3270,7.196,4.6,39,92,7.6
에스토니아,2008,18227,70.1,31.2,61.1,51.18,65.89,12472,16059,3972,8.461,5.5,38.4,98.4,-5.1
에스토니아,2009,14795,63.8,34.8,60.7,45.91,51.4,9065,10149,3981,12.68,13.6,39.2,98.2,-14.4
에스토니아,2010,14784,61.3,32.9,60.5,58.92,62.41,11598,12286,2568,11.815,16.7,40.1,100,2.7
에스토니아,2011,17624,65.3,31.2,61.3,71.5,74.71,16728,17478,207,9.391,12.3,40.3,105.4,7.4
에스토니아,2012,17534,67.2,31.5,61.3,69.36,78.01,16087,18092,301,13.018,10,40.4,109.6,3.1
에스토니아,2013,19174,68.5,31.5,61.3,64.56,73.04,16316,18459,314,13.502,8.6,39.9,114.1,1.3
에스토니아,2014,20367,69.6,31.9,61.1,59.92,68.34,16043,18296,437,13.724,7.4,40,117.4,3
에스토니아,2015,17522,71.9,33.1,62.1,55.69,63,12836,14521,415,12.634,6.2,39,118.8,1.8
에스토니아,2016,18437,72.1,33.2,62.9,54.29,61.66,13171,14959,352,13.581,6.8,39,121.4,3.2
에스토니아,2017,20408,74.1,32.5,63.7,54.15,62.02,14558,16674,345,13.089,5.8,39,125.2,5.5
에스토니아,2018,23159,74.8,32.9,63.8,55.58,62.52,17017,19140,755,12.94,5.4,36.2,130.5,4.4
에스토니아,2019,23718,75.3,33.1,63.7,51.19,57.26,16112,18022,1426,13.388,4.5,37,134.7,5
에스토니아,2020,23312,73.7,,63.6,52.77,55.87,16375,17335,1997,,6.8,36.9,134.1,-2.9
핀란드,2000,24285,67.2,45.8,63.2,36.18,26.97,45482,33900,8410,50.943,11.1,47.5,86.4,5.8
핀란드,2001,24946,68.1,43.1,63.3,33.09,24.85,42831,32156,8419,48.341,10.3,46.1,89.3,2.6
핀란드,2002,26870,68.1,43.3,63.2,31.99,24.09,44702,33661,9825,48.172,10.4,45.7,90.1,1.7
핀란드,2003,32855,67.7,42.3,62.8,30.66,24.29,52516,41602,11173,49.136,10.5,44.8,90.3,2
핀란드,2004,37703,67.7,41.7,62.1,30.91,25.71,60920,50679,12914,49.31,10.4,44.2,90.8,4
핀란드,2005,39040,68.4,42,60.7,31.83,28.53,65193,58435,11332,46.447,8.4,44.4,91.7,2.8
핀란드,2006,41188,69.4,42.1,61,35.63,32.02,77289,69449,7499,43.011,7.7,44,92.5,4
핀란드,2007,48415,70.3,41.4,61.2,35.19,31.93,90092,81756,8385,38.992,6.9,43.9,95.1,5.3
핀란드,2008,53554,71.1,41.1,61.5,34.03,32.37,96839,92108,8346,38.17,6.4,43.8,97.9,0.8
핀란드,2009,47294,68.7,40.8,60.5,24.91,24.11,62892,60887,11455,49.036,8.3,42.5,99.7,-8.1
핀란드,2010,46460,68.2,40.6,60,27.89,27.6,69489,68769,9555,54.808,8.4,42.3,100,3.2
핀란드,2011,51082,69,41.8,59.9,28.75,30.61,79144,84252,10345,57.236,7.8,42.3,102.6,2.5
핀란드,2012,47711,69.4,42.4,59.8,28.31,29.64,73116,76560,11082,63.989,7.7,42.5,105.7,-1.4
핀란드,2013,49878,68.9,43.4,59.1,27.44,28.6,74445,77589,11268,64.522,8.2,43.1,108.4,-0.9
핀란드,2014,50260,68.7,43.5,58.9,27.08,27.97,74335,76767,10669,71.269,8.7,43.6,110.1,-0.4
핀란드,2015,42785,68.6,43.5,58.9,25.48,25.78,59740,60437,10016,75.231,9.4,43.5,111.9,0.5
핀란드,2016,43784,69.1,43.7,58.6,23.86,25.29,57419,60848,10484,75.609,8.8,44.1,112,2.8
핀란드,2017,46297,70,42.9,58.9,26.46,27.68,67478,70596,10508,73.041,8.6,43,112.9,3.2
핀란드,2018,50013,72.1,42.4,59.4,27.27,28.51,75215,78635,10312,69.878,7.4,42.6,115.1,1.3
핀란드,2019,48712,73,42.2,59.4,27.08,27.41,72839,73718,11424,69.793,6.7,42.1,116.9,1.3
핀란드,2020,49041,72.1,,59,24.21,25.1,65668,68085,13485,81.587,7.8,41.2,118.8,-2.8
프랑스,2000,22364,,43.4,55.7,21.93,22.83,298737,311022,63728,72.429,10.2,50.4,83.9,3.9
프랑스,2001,22434,,43.1,55.5,21.75,22.35,299339,307640,58637,71.473,8.6,50.1,85.6,2
프랑스,2002,24177,,42.4,55.7,20.92,21.24,312585,317448,61697,75.162,8.7,49.9,87.4,1.1
프랑스,2003,29568,64.1,42.2,56.4,20.04,20.49,368888,377051,70762,79.078,8.3,50.1,89,0.8
프랑스,2004,33741,63.8,42.4,56.3,19.77,20.97,418369,443662,77353,80.549,8.9,50.3,90.4,2.8
프랑스,2005,34760,63.8,42.9,56.2,20.12,22.26,441919,488868,74360,82.142,8.5,50.5,92.2,1.7
프랑스,2006,36444,63.7,43.3,56.2,21.19,23.6,491289,547224,98239,77.269,8.5,49.7,94.2,2.4
프랑스,2007,41508,64.4,42.5,56.3,20.83,23.84,553420,633577,115717,75.942,7.7,49.7,96.6,2.4
프랑스,2008,45334,64.9,42.3,56.4,20.94,24.58,611190,717300,102926,82.503,7.1,49.8,98.9,0.3
프랑스,2009,41575,64.1,41.5,56.6,17.72,20.84,476811,560652,133078,97.573,8.7,49.8,98.9,-2.9
프랑스,2010,40638,64,42.1,56.5,19.47,22.96,514453,606624,166224,100.995,8.9,49.9,100,1.9
프랑스,2011,43791,63.9,43.3,56.3,20.46,24.95,585584,713863,171896,103.807,8.8,50,100.9,2.2
프랑스,2012,40875,64,44.4,56.5,20.84,24.91,559330,668453,184522,111.938,9.4,50.1,102.1,0.3
프랑스,2013,42593,64.1,45.4,56.4,20.31,24.07,570929,676639,144926,112.468,9.9,48.8,102.9,0.6
프랑스,2014,43011,63.7,45.4,56.1,20.03,23.5,571322,670282,143449,120.155,10.3,48.4,103.5,1
프랑스,2015,36638,63.8,45.3,56,20.35,23.11,496183,563561,138164,120.825,10.4,48.5,104.7,1.1
프랑스,2016,37037,64.2,45.4,55.8,19.78,22.63,488931,559214,146771,123.671,10.1,48,105.2,1.1
프랑스,2017,38685,64.7,46.1,55.6,20.31,23.65,525890,612136,156401,122.944,9.4,47.6,105.8,2.3
프랑스,2018,41526,65.3,45.9,55.6,20.48,23.97,570735,667876,166628,121.225,9,47.6,106.8,1.8
프랑스,2019,40380,65.6,45.4,55.3,20.59,23.84,559150,647361,188865,123.358,8.4,47.2,108.2,1.5
프랑스,2020,38625,65.3,,54.5,18.38,21.98,478333,572028,224503,,8,46.6,110.9,-8.1
독일,2000,23636,,36.4,57.5,28.32,25.5,550236,495463,87497,62.609,7.9,52.9,89.6,2.9
독일,2001,23608,,35.1,57.5,29.4,25,571479,486073,82132,61.261,7.8,51.9,90.7,1.7
독일,2002,25078,,34.6,57.3,29.78,23.71,616014,490486,89143,64.099,8.5,52.5,92,-0.2
독일,2003,30244,,34.7,57.3,30.12,24.23,751792,604715,96835,66.92,9.8,53.2,93.2,-0.7
독일,2004,34044,,34.3,56.9,32.37,25.48,909456,715863,97170,68.859,10.7,52.2,94.2,1.2
독일,2005,34507,65.5,34.4,58.4,34.08,27.25,969983,775620,101676,71.428,11.2,52.1,94.6,0.7
독일,2006,36323,67.2,34.9,59,37.06,30.33,1108901,907453,111637,68.792,10.3,52.3,95,3.8
독일,2007,41587,69,35.4,59.2,38.65,30.86,1322195,1055854,136234,66.181,8.7,51.8,96.7,3
독일,2008,45427,70.1,35.8,59.2,38.85,31.79,1449275,1185764,138043,70.71,7.5,51.3,97.6,1
독일,2009,41486,70.3,36.7,59.4,32.98,27.25,1120615,925805,180848,77.579,7.7,50.8,99.4,-5.7
독일,2010,41532,71.3,35.5,59.4,37.05,31.04,1258391,1054196,216497,87.406,7,49,100,4.2
독일,2011,46645,72.7,36.1,60.1,39.37,33.52,1474040,1255007,238854,86.409,5.8,49.7,101.1,3.9
독일,2012,43858,73,36.8,60.1,39.74,32.76,1401668,1155552,248856,88.858,5.4,49.7,102.6,0.4
독일,2013,46286,73.5,37,60.4,38.71,31.64,1444913,1181116,198208,84.328,5.2,49.3,104.6,0.4
독일,2014,47960,73.8,36.8,60.4,38.47,31.08,1494234,1207209,192750,84.107,5,49.3,106.6,2.2
독일,2015,41087,74,37.3,60.2,39.51,31.32,1326206,1051132,173682,80.045,4.6,49.4,108.5,1.5
독일,2016,42108,74.7,37.7,61,38.48,30.43,1334343,1055316,185286,77.221,4.1,49.5,110,2.2
독일,2017,44443,75.3,37.8,61.2,39.42,31.66,1448178,1162898,200092,72.786,3.8,49.6,111.5,2.6
독일,2018,47787,75.9,38.5,61.3,39.39,32.42,1560537,1284352,198228,69.588,3.4,49.5,113.3,1.3
독일,2019,46468,76.7,38.8,61.9,38.58,31.96,1489430,1233994,223833,68.228,3.1,49.3,115.8,0.6
독일,2020,45724,76.2,,61.6,36.27,30.76,1380378,1170726,268776,,3.8,49,117.6,-4.9
그리스,2000,12043,56.5,33.4,52.3,146.18,137.7,190229,179199,14178,112.566,11.3,38.7,75,3.9
그리스,2001,12538,56.3,31.9,51.5,64.67,69.97,88068,95299,6244,116.265,10.5,38.1,77.6,4.1
그리스,2002,14110,57.4,33.1,51.8,6.72,20.36,10332,31316,9432,117.505,10,39.1,80.2,3.9
그리스,2003,18478,58.5,31.5,52.2,6.67,21.9,13476,44228,5801,111.032,9.4,39.7,83,5.8
그리스,2004,21955,59.1,30.5,53,6.92,23.33,16642,56125,2708,115.329,10.3,41.1,85.5,5.1
그리스,2005,22552,59.6,31.9,52.9,7.44,23.3,18436,57728,2287,116.87,10,41.2,87.4,0.6
그리스,2006,24801,60.6,31.1,53.1,7.88,24.62,21532,67297,2850,115.539,9,42.2,90.5,5.7
그리스,2007,28827,60.9,31.8,52.9,8.34,26.64,26552,84851,3658,113.001,8.4,42,93.6,3.3
그리스,2008,31997,61.4,31.8,53,8.82,27.26,31281,96615,3472,117.643,7.8,41.4,97.7,-0.3
그리스,2009,29711,60.9,30.8,53.5,7.62,22.45,25148,74069,5546,135.517,9.6,41.2,100.2,-4.3
그리스,2010,26691,59.1,32,53.5,9.44,22.2,28017,65906,6369,130.357,12.7,40,100,-5.5
그리스,2011,25451,55.1,33.6,52.7,11.95,23.6,33780,66705,6900,113.575,17.9,42.9,101,-10.1
그리스,2012,21915,50.8,35.8,52.3,14.59,25.48,35324,61686,7255,167.083,24.4,42.8,100.7,-7.1
그리스,2013,21749,48.8,35.7,52,15.15,25.52,36140,60859,5752,181.648,27.5,41.1,98.7,-2.7
그리스,2014,21602,49.4,36,51.8,15.28,26.34,35961,61984,6212,182.958,26.5,40.2,96.8,0.7
그리스,2015,18050,50.8,36.4,52,14.62,23.95,28554,46786,6026,184.448,24.9,38.9,96.5,-0.4
그리스,2016,17885,52,38.4,52.2,14.61,24.29,28151,46810,6893,189.224,23.5,40.3,95.9,-0.5
그리스,2017,18562,53.5,38.6,52.1,16.34,26.8,32629,53496,7807,192.727,21.5,40.6,96.3,1.3
그리스,2018,19766,54.9,38.9,51.9,18.62,30.11,39501,63877,7585,199.17,19.3,41,96.2,1.6
그리스,2019,19151,56.5,38.7,52,18.46,30.45,37911,62520,8501,200.684,17.3,40.9,96.4,1.9
그리스,2020,17676,56.3,,51,18.57,29.4,35170,55695,11944,236.462,16.3,40.1,95,-8.2
헝가리,2000,4624,56.2,38.6,49.6,59.31,67.68,28006,31958,11218,61.556,6.6,54.7,59.9,4.5
헝가리,2001,5276,56.2,37.7,48.9,56.8,62.75,30533,33728,10755,59.491,5.7,55.8,66.5,4.1
헝가리,2002,6655,56.2,37.4,48.9,51.04,55.89,34508,37787,10383,60.635,5.6,53.7,71.9,4.7
헝가리,2003,8421,57,37.3,49.7,50.48,55.98,43060,47750,12793,61.376,5.8,50.8,75.8,4.1
헝가리,2004,10286,56.8,37.1,49.5,52.8,57.36,54893,59633,15965,64.782,5.8,51.7,79.6,4.8
헝가리,2005,11201,56.9,36.6,50.2,54.67,57.79,61767,65293,18603,67.709,7.2,51.1,81.7,4.2
헝가리,2006,11476,57.4,36.4,50.7,63.59,65.72,73500,75960,21590,70.957,7.5,51.9,84.7,4
헝가리,2007,13919,57,39.4,50.3,67.15,67.44,93980,94390,24052,71.976,7.4,54.5,89.3,0.2
헝가리,2008,15753,56.4,39.4,49.9,68.43,68.73,108212,108689,33874,75.837,7.8,54.1,93.6,1.1
헝가리,2009,13046,55.1,38.9,49.9,63.21,59.17,82658,77367,44183,85.107,10,53.1,97.5,-6.7
헝가리,2010,13192,55,37.2,50.3,71.84,66.29,94768,87452,44988,86.232,11.2,46.6,100,1.1
헝가리,2011,14216,55.4,36.6,50.7,78.51,71.55,111297,101423,48835,95.264,11,49.5,101.9,1.9
헝가리,2012,12951,56.7,39.2,51.7,80.08,73.42,102879,94325,44670,98.675,11,49.5,104.9,-1.4
헝가리,2013,13688,58.1,38.6,52.2,79.65,73.2,107858,99124,46508,97.393,10.2,49,107.8,1.9
헝가리,2014,14267,61.8,38.6,53.7,79.71,73.78,112204,103863,42019,100.809,7.7,49,111.8,4.2
헝가리,2015,12707,64,38.9,54.8,80.18,72.56,100287,90751,33124,98.905,6.8,49,114.9,3.8
헝가리,2016,13091,66.5,39.4,55.7,80.16,71.75,102981,92181,25824,98.763,5.1,48.2,116.5,2.1
헝가리,2017,14606,68.2,38.3,56.3,79.51,73.15,113675,104581,28002,93.121,4.2,46.2,121.1,4.3
헝가리,2018,16411,69.3,37.5,56.7,77.18,73.06,123815,117217,31361,86.565,3.7,45,127,5.4
헝가리,2019,16733,70.1,35.8,57.1,74.65,71.26,122059,116516,31831,83.492,3.4,44.6,133,4.6
헝가리,2020,15899,69.7,,56.9,77.03,71.25,119412,110442,41353,97.539,4.3,43.6,140.6,-5
아이슬란드,2000,32096,,36,83.9,21.01,28.53,1896,2575,405,,1.9,28.8,54.6,5
아이슬란드,2001,28897,,34.2,83.5,24.45,27.61,2013,2274,355,,1.9,29.3,59.3,4
아이슬란드,2002,32409,,33.9,82.8,23.95,24.42,2231,2276,462,,3,30.9,62.8,0.6
아이슬란드,2003,39477,83.3,35.3,83.1,20.83,24.74,2381,2828,819,65.338,4,31.5,63.1,2.1
아이슬란드,2004,47335,82.3,36.3,81.9,20.9,26.87,2889,3715,1074,59.083,4,31.9,64.8,7.8
아이슬란드,2005,56795,83.8,39.4,81.4,18.35,29.6,3092,4989,1069,49.374,2.6,32.1,66.8,6.1
아이슬란드,2006,57493,84.6,40.1,82.5,19.84,35.27,3465,6160,2342,53.572,2.8,31.8,72.5,6.3
아이슬란드,2007,69496,85.2,38.6,82.7,19.6,29.45,4243,6376,2632,49.024,2.3,30.5,75.7,8.5
아이슬란드,2008,56943,83.6,34.5,81.9,29.74,33.79,5376,6107,3570,92.839,3,30.9,84.8,2.2
아이슬란드,2009,41301,78.3,31.2,80.3,30.83,27.39,4056,3603,3883,106.886,7.2,30.5,94,-7.7
아이슬란드,2010,43237,78.2,32.3,80.4,33.49,28.5,4606,3919,5790,110.323,7.6,33.4,100,-2.8
아이슬란드,2011,47715,78.5,33.3,79.8,35.11,31.78,5344,4837,8550,117.603,7,34.1,103.1,1.8
아이슬란드,2012,45996,79.7,34,79.9,34.32,32.34,5063,4771,4192,115.66,6,33.8,106.6,1.1
아이슬란드,2013,49805,81.1,34.5,80.7,31.01,31.13,5001,5020,4237,106.949,5.4,34.1,108.9,4.6
아이슬란드,2014,54577,83,37.3,82.1,28.49,30.1,5091,5379,4176,,4.9,33.9,113.4,1.7
아이슬란드,2015,52952,84.7,35.4,83,27.22,30.31,4768,5310,5041,,4,34.3,120.3,4.4
아이슬란드,2016,61988,86.5,50.8,83.8,21.59,27.4,4490,5696,7226,,3,33.9,123,6.3
아이슬란드,2017,72010,86.1,37.6,82.9,19.83,28.19,4904,6972,6567,,2.7,32.8,124.2,4.2
아이슬란드,2018,74348,85.1,37.2,81.8,21.4,29.32,5612,7688,6322,,2.7,32.9,127.5,4.7
아이슬란드,2019,68883,84.1,36.1,81.2,21.09,26.64,5238,6616,6782,,3.5,32.7,133.2,2.6
아이슬란드,2020,59261,80.3,,79,21.15,26.28,4594,5707,6419,,5.5,32.3,137.8,-6.6
아일랜드,2000,26246,65.2,30.8,59,77.14,50.96,77038,50893,5408,38.676,4.3,35.3,85.6,9.4
아일랜드,2001,28240,65.8,28.7,59.2,75.84,46.34,82806,50594,5635,35.506,3.7,31.7,91.5,5.3
아일랜드,2002,32540,65.5,27.9,59.6,68.72,40.71,87923,52082,5475,34.059,4.2,29.5,96.3,5.9
아일랜드,2003,41101,65.5,28.5,59.7,56.51,32.79,92830,53865,4152,32.848,4.5,30.4,100,3
아일랜드,2004,47645,66.3,29.6,60.1,54.01,31.89,104748,61851,2908,31.496,4.5,31,100.5,6.8
아일랜드,2005,50891,67.6,30.1,62,51.78,32.37,109617,68531,869,31.309,4.3,30.3,103.6,5.7
아일랜드,2006,54283,68.7,31.4,63.2,46.89,31.53,108771,73143,832,27.653,4.4,29.1,107.2,5
아일랜드,2007,61337,71.7,30.8,66.6,45.03,31.1,121502,83906,926,27.475,5,28.1,108.5,5.3
아일랜드,2008,61213,69.7,29,65.9,45.72,30.61,125635,84131,1038,47.595,6.8,28.2,108.1,-4.4
아일랜드,2009,52009,63.7,28,64.1,49,26.49,115571,62494,2154,67.774,12.6,29.8,103.1,-5.1
아일랜드,2010,48698,61,27.7,62.6,52.94,28.48,117565,63253,2115,83.677,14.5,30.9,100,1.8
아일랜드,2011,51887,60,28.4,62,53.64,30.72,127476,73013,1703,111.099,15.4,32.6,101.3,0.6
아일랜드,2012,48915,59.9,28.6,61.6,52.8,31.37,118794,70576,1708,129.146,15.5,33,103.7,0.1
아일랜드,2013,51577,61.7,28.9,62,48.95,30.8,116731,73445,1635,132.113,13.7,33.9,105.1,1.2
아일랜드,2014,55587,63.2,29,61.8,46.76,31.68,121059,82017,1748,121.47,11.9,34,105.1,8.6
아일랜드,2015,62000,64.8,23.4,61.8,42.32,26.41,123361,76977,2203,88.444,9.9,33.2,113.1,25.2
아일랜드,2016,62994,66.4,23.6,62.2,43.69,27.1,130863,81185,3592,85.153,8.4,32.7,114.2,2
아일랜드,2017,70413,67.7,22.8,62,40.58,27.53,137358,93197,4413,76.622,6.7,32.6,116.1,9.1
아일랜드,2018,79298,68.7,22.7,62.2,42.7,27.9,164794,107669,5223,74.592,5.7,32.9,116.4,8.5
아일랜드,2019,80779,69.6,22.7,62.3,42.55,25.28,169585,100758,5732,68.725,5,33.2,120.1,5.6
아일랜드,2020,83813,67.8,,61.1,42.7,23.4,178734,97969,7464,,5.6,32.3,119.5,3.4
이탈리아,2000,20088,53.7,40.5,48.2,21.01,20.9,240262,239024,47201,118.367,10.8,47.1,79.5,3.8
이탈리아,2001,20483,54.8,40.1,48.3,20.94,20.2,244345,235712,46216,117.281,9.6,46.6,81.9,2
이탈리아,2002,22270,55.6,39.6,48.8,20.04,19.4,254611,246459,55622,116.217,9.2,46.6,84.6,0.3
이탈리아,2003,27466,56.1,40,49.3,18.87,18.74,297046,295006,63264,113.862,8.9,46,87.2,0.1
이탈리아,2004,31260,57.7,39.2,49.7,19.65,19.74,354255,355876,62386,114.514,7.9,46.3,89.6,1.4
이탈리아,2005,32043,57.6,39,49.1,20.11,20.74,373635,385286,65954,117.211,7.7,45.9,91.4,0.8
이탈리아,2006,33502,58.3,40.5,49.1,21.58,22.9,420342,446115,75773,114.63,6.8,46.1,93.3,1.8
이탈리아,2007,37823,58.6,41.6,48.8,22.62,23.2,499946,512772,94325,110.232,6.1,46.4,95.6,1.5
이탈리아,2008,40778,58.7,41.6,49.1,22.6,23.39,542113,561127,105275,112.527,6.7,46.6,97.9,-1
이탈리아,2009,37080,57.4,42,48.5,18.49,18.89,405070,413905,132798,125.51,7.8,46.8,99.6,-5.3
이탈리아,2010,36001,56.8,41.7,48.2,20.8,22.73,443973,485063,158853,124.332,8.4,47.2,100,1.7
이탈리아,2011,38599,56.8,41.6,48.1,22.91,24.48,525077,561063,173301,117.203,8.4,47.6,101.6,0.7
이탈리아,2012,35054,56.6,43.6,49.1,24.07,23.51,502407,490647,181670,135.375,10.7,47.7,103.2,-3
이탈리아,2013,35550,55.5,43.8,48.8,24.31,22.46,520551,480928,145488,143.172,12.2,47.8,104.4,-1.8
이탈리아,2014,35518,55.7,43.3,49.1,24.56,21.96,530320,474252,142224,155.633,12.7,47.8,105.3,0
이탈리아,2015,30230,56.3,43,49,24.84,22.34,456084,410091,130557,156.853,11.9,47.8,106.3,0.8
이탈리아,2016,30940,57.3,42.2,49.5,24.65,21.76,462388,408241,136044,154.55,11.7,47.8,107.5,1.3
이탈리아,2017,32327,58,41.9,49.8,26.15,23.37,511753,457388,151199,151.998,11.2,47.7,108.3,1.7
이탈리아,2018,34609,58.5,41.9,49.9,26.31,24.1,550269,503929,152508,146.789,10.6,47.7,109.4,0.9
이탈리아,2019,33567,59.1,42.4,49.9,26.92,23.74,539708,475979,175256,154.505,10,48,110.3,0.3
이탈리아,2020,31676,58.1,,48.5,26.24,22.36,495092,421828,210955,,9.2,46,111.6,-8.9
라트비아,2000,3358,,29.1,56.2,23.46,40.05,1865,3183,919,14.475,14.2,43.2,55.1,5.7
라트비아,2001,3573,,28.2,56.6,23.96,41.96,2001,3504,1218,15.869,13.8,43,56.4,6.3
라트비아,2002,4132,60,27.9,58,23.93,42.46,2284,4053,1327,15.889,13.8,43.1,59.2,7.1
라트비아,2003,5135,60.8,27.5,57.1,24.62,44.62,2893,5242,1535,17.03,12.1,42.7,62.2,8.4
라트비아,2004,6364,61,27.7,57.4,27.65,48.94,3982,7048,2022,18.138,11.7,42.8,66.4,8.5
라트비아,2005,7575,62.2,28,57.4,30.12,50.66,5108,8592,2361,14.948,10,43.1,73.8,10.7
라트비아,2006,9700,65.9,28.8,59.1,27.38,53.12,5893,11431,4509,14.908,7,42.7,83,12
라트비아,2007,14091,68.1,28.3,60.3,25.46,48.97,7892,15182,5758,13.027,6.1,42.2,99.7,10
라트비아,2008,16422,68.2,28,61.6,25.95,44.12,9278,15775,5248,23.204,7.7,41.3,111.2,-3.3
라트비아,2009,12288,60.4,28.2,60.1,27.26,35.51,7174,9346,6907,42.181,17.5,40.9,100.4,-14.3
라트비아,2010,11380,58.5,28.7,58.9,37.08,46.68,8851,11143,7606,53.998,19.5,44,100,-4.4
라트비아,2011,13776,60.8,28.3,58.5,42.27,54.42,11995,15441,6383,49.644,16.2,44.2,106.4,6.5
라트비아,2012,13923,63,29.1,59.7,44.78,56.76,12683,16078,7523,48.709,15.1,44.3,110.2,4.3
라트비아,2013,15123,65.1,29.4,59.4,43.75,55.13,13317,16781,7893,45.547,11.9,43.7,112,2.3
라트비아,2014,15714,66.3,29.7,59.3,43.97,54.67,13777,17129,3227,50.894,10.9,43,114.2,1.1
라트비아,2015,13775,68.1,30,60.1,42.77,51.74,11649,14093,3446,46.13,9.9,42.5,114.2,4
라트비아,2016,14316,68.7,31.2,60.4,41.38,48.97,11607,13737,3514,49.716,9.6,42.5,115.1,2.4
라트비아,2017,15643,70.1,31.4,60.8,43.41,52.85,13190,16056,4614,47.029,8.7,42.7,118.6,3.3
라트비아,2018,17850,71.8,31.2,61.4,43.81,54.12,15070,18616,4371,45.648,7.4,42.6,123.2,4
라트비아,2019,17794,72.3,31.2,61.2,42.61,52.29,14510,17809,4479,47.204,6.3,42.5,126,2
라트비아,2020,17620,71.6,,61.7,45.07,51.53,15101,17264,5290,,8.1,41.8,126.1,-3.6
리히텐슈타인,2000,74854,,,,,,,,,,1.3,,,3.2
리히텐슈타인,2001,74287,,,,,,,,,,1.1,,,-0.7
리히텐슈타인,2002,79346,,,,,,,,,,1.5,,,-1
리히텐슈타인,2003,89860,,,,,,,,,,2.1,,,-1.9
리히텐슈타인,2004,100289,,,,,,,,,,2.4,,,3
리히텐슈타인,2005,105399,,,,,,,,,,2.7,,,4.8
리히텐슈타인,2006,114374,,,,,,,,,,2.5,,,8.6
리히텐슈타인,2007,130656,,,,,,,,,,2,,,3.3
리히텐슈타인,2008,143264,,,,,,,,,,,,,1.8
리히텐슈타인,2009,126097,,,,,,,,,,,,,-1.2
리히텐슈타인,2010,141193,,,,,,,,,,,,,
리히텐슈타인,2011,158130,,,,,,,,,,,,,
리히텐슈타인,2012,149010,,,,,,,,,,,,,
리히텐슈타인,2013,173030,,,,,,,,,,,,,
리히텐슈타인,2014,178865,,,,,,,,,,,,,
리히텐슈타인,2015,167313,,,,,,,,,,,,,
리히텐슈타인,2016,165642,,,,,,,,,,,,,
리히텐슈타인,2017,171254,,,,,,,,,,,,,
리히텐슈타인,2018,180367,,,,,,,,,,,,,
리투아니아,2000,3293,,30.8,60.3,30.79,45.29,3548,5219,1359,34.479,15.9,45.7,72.9,3.7
리투아니아,2001,3526,,29.3,59.1,34.97,49.52,4279,6060,1669,33.541,16.8,45.7,72.7,6.5
리투아니아,2002,4142,,29,58.5,36.69,52.78,5232,7526,2413,32.021,13,45.2,72.9,6.8
리투아니아,2003,5499,,28.6,60.2,37.11,51.48,6970,9669,3450,28.59,12.9,44.3,72.3,10.6
리투아니아,2004,6700,,29,57.2,41.13,54.74,9307,12386,3594,27.294,10.7,44.8,74.2,6.6
리투아니아,2005,7855,62.9,29.2,56.3,45.15,59.43,11782,15511,3816,24.923,8.3,45.4,79.3,7.7
리투아니아,2006,9231,63.6,30.1,55.3,46.89,64.32,14153,19413,5773,21.976,5.8,44.4,84.7,7.4
리투아니아,2007,12285,65,30,55.6,43.23,61.58,17163,24445,7712,19.404,4.3,43,91.9,11.1
리투아니아,2008,14945,64.4,30.6,55.8,49.73,65.47,23770,31294,6442,17.136,5.8,41.6,100.9,2.6
리투아니아,2009,11821,59.9,30.2,56.6,44.12,49.06,16497,18341,6626,34.18,13.8,40.7,97.5,-14.8
리투아니아,2010,11988,57.6,28.4,56.8,55.82,62.98,20726,23385,6599,45.471,17.8,40.6,100,1.7
리투아니아,2011,14377,60.2,27.2,57.4,64.49,73.07,28078,31810,8210,45.683,15.4,40.7,105.3,6
리투아니아,2012,14368,62,27,57.7,69.01,74.52,29625,31988,8529,51.186,13.4,40.9,108.2,3.8
리투아니아,2013,15730,63.7,26.8,58,70.08,74.83,32604,34814,8072,47.921,11.8,41.1,109.6,3.6
리투아니아,2014,16551,65.7,27.5,58.9,66.65,70.86,32346,34389,8728,52.587,10.7,41,110.5,3.5
리투아니아,2015,14258,67.3,28.7,59.2,61.31,67.97,25392,28154,1697,53.339,9.1,41.2,110.6,2
리투아니아,2016,14998,69.4,29.7,60.3,58.14,63.54,25009,27333,2602,50.889,7.9,41.3,112.3,2.5
리투아니아,2017,16844,70.4,29.5,60.6,62.76,67.71,29900,32258,4450,47.002,7.1,41.1,117.1,4.3
리투아니아,2018,19167,72.4,30.2,61.6,62.08,67.98,33337,36502,5771,40.673,6.2,40.7,121.2,3.9
리투아니아,2019,19555,73,30.3,62.1,60.67,65.45,33152,35760,5085,44.537,6.3,37.7,124.7,4.3
리투아니아,2020,19998,71.6,,62.6,58.63,59.3,32768,33141,4847,,8.5,36.9,126.1,-0.9
룩셈부르크,2000,48736,,36.9,53.4,36.84,50.36,7833,10707,98,17.774,2.4,35.8,75,8.2
룩셈부르크,2001,48179,,37.4,53.8,38.56,52.91,8202,11255,127,18.121,1.8,34.5,75.3,2.5
룩셈부르크,2002,52931,,37.3,54.8,36.01,49.16,8503,11610,178,18.174,2.6,31.6,76.6,3.8
룩셈부르크,2003,65446,62.2,37.5,54.2,33.77,46.33,9981,13695,311,19.448,3.7,32.1,78.6,1.6
룩셈부르크,2004,75716,62.5,36.6,55,35.08,49.04,12168,17011,331,20.275,5.1,32.5,80.9,3.6
룩셈부르크,2005,80290,63.6,37.7,55.6,51.06,60.26,19068,22506,279,18.915,4.5,33.4,84.3,3.2
룩셈부르크,2006,89740,63.6,35.7,55,54.19,63.93,22985,27115,265,17.807,4.7,34,90.3,5.2
룩셈부르크,2007,106018,64.2,36.2,55.9,45.1,55.12,22949,28047,206,17.36,4.1,35,91.6,8.4
룩셈부르크,2008,114294,63.4,36.8,56,46,57.6,25691,32169,398,25.806,5.1,34.7,95.2,-1.3
룩셈부르크,2009,103199,65.2,38.3,58.2,41.5,49.21,21321,25282,810,23.903,5.1,34.9,96.5,-4.4
룩셈부르크,2010,104965,65.2,37.5,57.7,35.39,46.59,18831,24793,849,29.003,4.4,35.3,100,4.9
룩셈부르크,2011,115762,64.6,37.1,57.6,34.75,48.09,20849,28855,1014,27.823,4.9,37.3,104.8,2.5
룩셈부르크,2012,106749,65.9,38.3,58.8,33.31,48.21,18878,27325,991,29.71,5.1,37.1,107.5,-0.4
룩셈부르크,2013,113625,65.7,38.2,59.4,29.87,43.2,18442,26672,963,30.221,5.9,38.2,109.3,3.7
룩셈부르크,2014,118824,66.6,37.5,60.1,22.92,36.4,15148,24063,863,30.55,5.9,38.6,112.3,4.3
룩셈부르크,2015,101376,66.2,37,60,22.42,33.89,12948,19571,771,30.471,6.7,39.5,112.5,4.3
룩셈부르크,2016,104278,65.6,36.8,58.9,21.72,32.16,13179,19517,974,27.866,6.3,39.6,113.3,4.6
룩셈부르크,2017,107361,66.3,37.6,59.3,22.31,33.46,14285,21422,878,29.652,5.5,37.8,115.3,1.8
룩셈부르크,2018,116597,67.1,39.7,59.9,22.15,33.22,15701,23546,939,28.836,5.6,38.2,118.2,3.1
룩셈부르크,2019,114685,68,39.2,60.7,20.86,32.29,14831,22960,1055,29.958,5.6,38.5,122.2,2.3
룩셈부르크,2020,115874,67.3,,60.8,18.63,28.57,13646,20930,1189,,6.8,37.5,125,-1.3
네덜란드,2000,26149,73,36.9,63.5,51.25,47.77,213424,198926,17688,62.151,2.7,40,81,4.2
네덜란드,2001,26873,74.1,35.6,64.2,50.13,45.35,216183,195571,16897,58.224,2.1,37.4,84.3,2.3
네덜란드,2002,29204,74.4,35,64.9,46.64,41.18,219976,194234,18948,58.698,2.6,37.4,87.5,0.2
네덜란드,2003,35672,73.7,34.8,64.8,45.76,40.43,264860,234023,21597,59.753,3.6,37.2,89.4,0.2
네덜란드,2004,40362,73.1,34.8,64.9,48.4,43.22,318075,284027,21603,60.074,4.7,38.8,90.5,2
네덜란드,2005,41979,70.6,35,63.4,51.03,45.31,349600,310382,20448,59.293,5.9,38.9,92.3,2.1
네덜란드,2006,44863,71.6,36,63.6,54.64,48.89,400670,358515,23902,53.089,5,38.4,94.7,3.5
네덜란드,2007,51733,73.5,35.7,64.5,55.77,49.69,472662,421094,26983,50.5,4.2,38.7,96.6,3.8
네덜란드,2008,57644,74.9,35.9,65.3,57.55,52.19,545562,494752,28509,62.822,3.7,39.2,98.9,2.2
네덜란드,2009,52514,74.6,34.9,65.4,49.75,44.05,431839,382407,39609,65.325,4.4,38,99.1,-3.7
네덜란드,2010,50950,73.9,35.7,64.8,58.2,51.97,492703,439992,46240,69.513,5,38.1,100,1.3
네덜란드,2011,54159,74.2,35.4,64.5,63.01,56.18,569638,507870,51268,73.729,5,38,100.2,1.6
네덜란드,2012,50073,74.4,35.6,65,65.86,59.67,552581,500654,54816,79.479,5.8,38.6,101.6,-1
네덜란드,2013,52184,73.6,36.1,65,65.59,58.51,575168,513101,46250,78.936,7.2,40.6,102.9,-0.1
네덜란드,2014,52830,73.1,37,64.4,64.62,57.04,575720,508207,42921,83.333,7.4,39,103.2,1.4
네덜란드,2015,45175,74.2,37,64.4,60.72,53.93,464700,412694,38205,79.617,6.9,37,104,2
네덜란드,2016,46008,74.8,38.4,64.1,59.75,52.08,468172,408049,36133,77.633,6,37.2,104.5,2.2
네덜란드,2017,48555,75.9,38.7,64,63.47,55.53,527910,461906,38442,70.868,4.8,37.4,105.8,2.9
네덜란드,2018,53019,77.2,38.8,64.3,64.35,57.03,587895,521037,38468,66.03,3.8,37.8,108.4,2.4
네덜란드,2019,52295,78.2,39.3,64.8,63.59,56.76,576786,514851,43285,62.242,3.4,37,111.7,1.7
네덜란드,2020,52304,77.8,,64.6,60.43,53.14,551303,484785,54038,,3.8,36.4,114.2,-3.7
노르웨이,2000,38131,77.5,41.7,73.8,35.07,20.08,60058,34391,27854,32.817,3.5,38.6,68,3.2
노르웨이,2001,38543,77.2,41.9,73.9,34.04,18.94,59216,32953,23538,31.882,3.7,39.2,69.1,2.1
노르웨이,2002,43084,76.8,42.2,74.1,30.51,17.84,59663,34873,32403,39.189,4,38.6,68,1.4
노르웨이,2003,50135,75.5,41.6,72.8,29.85,17.5,68321,40055,37711,48.511,4.2,38.1,70,0.9
노르웨이,2004,57604,75.1,42.3,72.6,31.2,18.35,82527,48534,44308,50.362,4.3,38.1,74,4
노르웨이,2005,66810,74.8,42.5,72.2,33.59,17.96,103751,55481,46986,47.38,4.4,37.2,80.5,2.6
노르웨이,2006,74148,75.4,42.7,71.9,35.34,18.6,122122,64278,56842,58.269,3.4,37.4,87.6,2.4
노르웨이,2007,85140,76.8,42,72.6,34.01,20.05,136371,80378,60840,56.084,2.5,37.5,90.2,3
노르웨이,2008,96944,78,41.3,73.8,37.16,19.53,171764,90293,50950,54.776,2.6,37.6,99.6,0.5
노르웨이,2009,79978,76.4,41.1,72.7,30.24,17.86,116778,68970,48859,48.837,3.1,37.3,94.4,-1.7
노르웨이,2010,87694,75.3,41.8,71.8,30.48,18.03,130669,77326,53215,49.232,3.5,37.3,100,0.7
노르웨이,2011,100601,75.3,41.9,71.3,32.17,18.22,160305,90787,49397,34.721,3.2,37.6,106.7,1
노르웨이,2012,101524,75.8,41.4,71.4,31.59,17.14,160953,87308,51856,35.875,3.1,37.4,110.3,2.7
노르웨이,2013,102913,75.4,39.8,71.1,29.85,17.18,156022,89808,58283,36.462,3.4,37.4,113.1,1
노르웨이,2014,97019,75.2,38.7,64.9,29.03,17.95,144677,89460,64801,34.72,3.5,36.9,113.4,2
노르웨이,2015,74356,74.8,38.4,65,26.91,19.8,103809,76388,57456,40.221,4.3,36.7,110.2,2
노르웨이,2016,70461,74.3,38.9,64.5,24.27,20.34,89507,75002,60445,44.258,4.7,36.3,108.6,1.1
노르웨이,2017,75497,74,38.8,63.7,26.22,20.8,104448,82876,65924,44.665,4.2,36,112.9,2.3
노르웨이,2018,82268,74.8,39.6,64.1,28.15,20.01,123036,87431,63145,45.341,3.8,35.8,120.4,1.1
노르웨이,2019,75826,75.3,39.9,64.2,25.65,21.25,104004,86152,66946,46.687,3.7,35.8,119.8,0.9
노르웨이,2020,67294,74.7,,63.8,22.86,22.47,82743,81352,75259,53.521,4.4,35.8,115.5,-0.8
폴란드,2000,4501,55,32.9,56.8,18.4,28.43,31684,48970,27464,45.949,16.3,38.2,75.9,4.6
폴란드,2001,4991,53.4,32.9,56.9,18.94,26.39,36159,50378,26563,44.573,18.4,38,78.3,1.3
폴란드,2002,5207,51.5,33,55.7,20.61,27.7,41032,55141,29784,54.021,19.9,38,79.7,2
폴란드,2003,5702,51.2,32.5,54.6,24.65,31.29,53699,68153,33960,56.205,19.4,38.2,80.4,3.5
폴란드,2004,6681,51.7,31.9,54.4,29.33,35.03,74828,89362,36773,53.772,19.1,38.4,84.3,5
폴란드,2005,8022,52.8,33,54.9,29.15,33.12,89245,101399,42561,55.252,17.8,38.7,86.5,3.5
폴란드,2006,9035,54.5,33.6,54,32.19,36.93,110941,127260,48474,54.962,13.8,39,88,6.1
폴란드,2007,11255,57,34.6,53.7,32.71,38.7,140338,166047,65734,51.555,9.6,38.2,91.2,7.1
폴란드,2008,13996,59.2,34.1,54.2,32.05,39.23,170998,209330,62168,53.877,7.1,34.7,94.8,4.2
폴란드,2009,11526,59.4,31.2,54.9,31.11,34.05,136786,149723,79576,57.184,8.2,34.1,98.4,2.8
폴란드,2010,12613,59,31.4,55.3,33.31,37.13,159829,178149,93488,61.682,9.6,34.2,100,3.7
폴란드,2011,13880,59.3,31.8,55.6,35.75,39.91,188853,210824,97856,62.176,9.6,34.3,103.3,4.8
폴란드,2012,13097,59.7,32,55.9,37.2,39.97,185474,199235,108902,65.554,10.1,35.5,105.7,1.3
폴란드,2013,13696,60,31.9,55.9,39.36,39.86,205065,207701,106212,66.448,10.3,35.6,106,1.1
폴란드,2014,14271,61.7,31.9,56.3,40.57,41.21,220061,223564,100430,71.438,9,35.7,106.6,3.4
폴란드,2015,12578,62.9,32.4,56.2,41.69,41.14,199202,196548,94910,70.21,7.5,35.7,107.6,4.2
폴란드,2016,12447,64.5,33.4,56.2,43.15,42.24,203936,199623,114372,73.006,6.2,35.6,108,3.1
폴란드,2017,13865,66.1,34.1,56.4,44.49,44.39,234253,233704,113267,68.715,4.9,35.7,110,4.8
폴란드,2018,15468,67.4,35.2,56.3,44.86,45.77,263494,268880,116957,66.759,3.9,35.8,111.3,5.4
폴란드,2019,15695,68.2,35.4,56.2,44.74,44.52,266574,265260,128392,63.315,3.3,35.6,114.8,4.5
폴란드,2020,15656,68.7,,56.1,45.6,43.26,270939,257064,154219,77.224,3.2,34.8,119.6,-2.7
포르투갈,2000,11498,68.4,31.1,60.8,21.21,35.61,25089,42128,14262,67.711,3.8,37.3,76.9,3.8
포르투갈,2001,11725,69,30.8,61.4,20.52,34.29,24930,41665,15060,69.682,3.8,36.4,79.7,1.9
포르투갈,2002,12875,68.8,31.3,62,20.05,31.77,26897,42626,17701,71.819,4.5,37.6,83.1,0.8
포르투갈,2003,15763,68,31.4,62,20.08,30.53,33103,50328,12813,75.641,6.1,37.4,85.9,-0.9
포르투갈,2004,18031,67.7,30.2,61.5,20.34,32.42,38452,61287,11684,80.575,6.3,37.4,88,1.8
포르투갈,2005,18773,67.3,30.8,61.9,19.64,32.4,38720,63879,10364,83.866,7.6,36.8,90.9,0.8
포르투갈,2006,19823,67.6,31.3,62.1,21.47,33.9,44782,70713,9883,82.982,7.7,37.5,93.8,1.6
포르투갈,2007,22782,67.6,31.8,62.2,21.85,34.26,52493,82280,11546,80.512,8,37.3,96.6,2.5
포르투갈,2008,24848,68,31.7,62,21.87,36.09,57377,94669,11948,84.499,7.6,36.9,98.3,0.3
포르투갈,2009,23060,66.1,29.9,61.4,18.16,29.45,44264,71781,15985,97.632,9.4,36.5,99.4,-3.1
포르투갈,2010,22499,65.3,30.5,61.2,20.77,32.66,49404,77682,20995,105.668,10.8,37.1,100,1.7
포르투갈,2011,23187,63.8,32.3,60.5,24.36,33.88,59622,82948,21336,109.88,12.7,38,99.7,-1.7
포르투갈,2012,20565,61.4,31.8,60.2,26.88,33.52,58115,72488,22658,137.316,15.5,37.6,99.3,-4.1
포르투갈,2013,21647,60.6,34,59.3,27.74,33.45,62797,75727,17552,141.066,16.2,41.4,101.6,-0.9
포르투갈,2014,22074,62.6,34.2,58.8,27.8,34.14,63833,78390,19618,150.745,13.9,41.1,102.3,0.8
포르투갈,2015,19242,63.9,34.4,58.6,27.62,33.57,55047,66914,19397,148.418,12.4,42.1,104.4,1.8
포르투갈,2016,19978,65.3,34.1,58.5,26.83,32.84,55354,67754,25132,144.312,11.1,41.5,106.2,2
포르투갈,2017,21437,67.8,34.1,59,28.14,35.67,62129,78762,26109,143.131,8.9,41.4,107.8,3.5
포르투갈,2018,23551,69.7,34.8,59.1,28.23,36.77,68361,89060,24943,137.265,7,40.9,109.7,2.8
포르투갈,2019,23285,70.5,34.8,59.3,28,37.38,67064,89539,24981,135.976,6.5,41.2,111.6,2.5
포르투갈,2020,22440,69,,58,26.6,33.52,61510,77515,29502,155.13,6.8,41.3,114.3,-7.6
슬로바키아,2000,5413,56.8,33.6,59.8,40.76,,11889,,4075,58.779,19.1,42.1,75.4,1.2
슬로바키아,2001,5717,56.8,32.7,60.5,41.11,,12641,,4186,58.504,19.4,42.9,79.3,3.3
슬로바키아,2002,6534,56.8,32.8,59.7,41.21,,14478,,9195,51.509,18.7,42.5,82.4,4.5
슬로바키아,2003,8713,57.7,32.6,60.1,46.92,,21966,,12149,49.377,17.1,42.9,86.8,5.5
슬로바키아,2004,10672,57,31.5,60.1,50.96,48.22,29215,27645,14912,46.755,18.6,42.5,91.7,5.3
슬로바키아,2005,11686,57.7,31.3,59.5,54.52,50.73,34229,31852,15480,39.905,16.3,38.4,94.1,6.6
슬로바키아,2006,13160,59.4,29.3,59.1,62.98,58.99,44535,41711,13364,37.592,13.4,38.6,96.8,8.5
슬로바키아,2007,16086,60.7,29.2,58.9,68.26,67.15,59013,58050,18976,36.066,11.1,38.6,97.9,10.8
슬로바키아,2008,18677,62.3,29.1,59.3,70.97,69.93,71307,70255,18831,34.89,9.5,39,100.7,5.6
슬로바키아,2009,16532,60.2,28.9,58.9,60.87,62.41,54206,55572,1821,44.039,12,37.9,99.5,-5.5
슬로바키아,2010,16751,58.8,28.1,59,71.12,72.31,64231,65304,2161,48.755,14.4,38.1,100,5.9
슬로바키아,2011,18362,59.3,29.1,58.8,77.88,79.68,77202,78980,2462,51.442,13.6,39,101.7,2.8
슬로바키아,2012,17482,59.7,28.8,59.2,79.16,84.59,74832,79964,2519,60.775,14,39.8,103,1.9
슬로바키아,2013,18260,59.9,31,59.3,80.06,86.19,79136,85193,2150,65.17,14.2,41.3,103.5,0.7
슬로바키아,2014,18674,61,31.9,59.4,78.45,84.76,79385,85766,2614,67.829,13.2,41.4,103.3,2.6
슬로바키아,2015,16311,62.7,32.7,59.6,80.77,84.74,71454,74971,2892,66.494,11.5,41.5,103.1,4.8
슬로바키아,2016,16509,64.9,33.3,60.1,81.7,85.89,73245,77003,2892,67.74,9.7,41.7,102.5,2.1
슬로바키아,2017,17504,66.2,34.2,60,84.04,87.69,80013,83486,3622,65.482,8.1,41.7,103.8,3
슬로바키아,2018,19365,67.6,34.3,59.8,85.97,88.58,90678,93434,5231,63.379,6.5,41.9,105.9,3.7
슬로바키아,2019,19273,68.4,34.7,59.7,84.41,85.55,88736,89929,7167,63.121,5.8,41.9,108.6,2.5
슬로바키아,2020,19157,67.5,,59.1,79.63,82.69,83272,86476,9347,79.032,6.7,41.2,111.1,-4.8
슬로베니아,2000,10201,62.9,37.7,57.4,46.78,54.14,9492,10984,3196,34.313,6.9,46.3,67.8,3.7
슬로베니아,2001,10480,63.8,37.8,57.7,49.56,54.34,10347,11344,4397,35.153,5.7,46.2,73.7,3.2
슬로베니아,2002,11777,63.5,38.3,58.1,46.67,49.27,10962,11574,7063,36.155,5.9,46.1,79.2,3.5
슬로베니아,2003,14849,62.6,38.4,56.5,38.08,41.3,11285,12239,8598,34.923,6.5,46.2,83.7,3
슬로베니아,2004,17233,65.3,38.5,59,37.14,41.1,12783,14143,8899,35.181,6,46.3,86.5,4.4
슬로베니아,2005,18099,66,39.2,59.3,39.76,43.65,14397,15805,8160,34.482,6.5,45.6,87.8,3.8
슬로베니아,2006,19673,66.6,38.7,59.3,43.07,46.49,17004,18355,7139,33.069,6,45.3,89.8,5.7
슬로베니아,2007,23788,67.8,38.1,59.7,40.89,44.83,19629,21521,1066,30.345,4.8,43.3,93.5,7
슬로베니아,2008,27483,68.6,37.3,59.5,36.08,41.47,20042,23038,957,29.895,4.4,42.9,97.7,3.5
슬로베니아,2009,24694,67.5,37.1,59.4,44.96,75.77,22646,38166,1080,43.787,5.9,42.2,101,-7.5
슬로베니아,2010,23510,66.2,37.8,59.2,51.32,55.37,24716,26664,1071,47.866,7.2,42.5,100,1.3
슬로베니아,2011,25095,64.4,37.4,57.9,56.76,60.94,29242,31396,991,51.33,8.2,42.6,101,0.9
슬로베니아,2012,22643,64.1,37.7,57.5,58.14,60.95,27080,28392,952,61.514,8.8,42.5,101.5,-2.6
슬로베니아,2013,23497,63.3,37.2,57.3,59.15,60.7,28629,29380,922,78.506,10.1,42.4,103.1,-1
슬로베니아,2014,24215,63.9,37.2,57.7,61.13,60.19,30522,30052,1016,99.255,9.7,42.5,103.6,2.8
슬로베니아,2015,20882,65.2,37.3,57.3,61.7,60.05,26587,25876,856,102.377,9,42.6,104.7,2.2
슬로베니아,2016,21664,65.9,37.4,56.6,61.82,59.67,27658,26695,743,97.208,8,42.7,105.6,3.2
슬로베니아,2017,23455,69.3,37.1,58.4,65.81,64.28,31894,31154,890,88.99,6.6,42.9,107.1,4.8
슬로베니아,2018,26103,71.1,37.4,58.8,67.4,67.01,36488,36273,933,83.02,5.1,43.2,109.4,4.4
슬로베니아,2019,25941,71.9,37.7,58.1,69.3,69.36,37543,37575,1015,80.928,4.5,43.5,111.9,3.2
슬로베니아,2020,25180,70.9,,57.8,64.86,62.34,34300,32965,1311,101.097,5,42.9,113.3,-5.5
스페인,2000,14713,56.3,33.1,52.8,18.99,25.62,113348,152901,35608,65.464,13.8,38.6,74.5,5.2
스페인,2001,15356,57.8,32.8,52.1,18.36,24.49,115177,153636,34236,60.915,10.4,38.9,77.5,3.9
스페인,2002,17026,58.9,33.2,53.8,17.53,23.2,123635,163672,40303,59.581,11.2,39.1,80.7,2.7
스페인,2003,21463,60.2,33.1,54.9,17.23,23.03,156032,208562,26809,54.947,11.3,38.6,83.8,3
스페인,2004,24861,61.3,34,55.9,17.07,24.15,182161,257678,19759,53.065,11.1,38.8,87.1,3.1
스페인,2005,26419,63.6,35.2,57.1,16.55,24.92,190843,287436,17227,50.48,9.2,39,90.7,3.7
스페인,2006,28365,65,36,58,16.94,25.89,213353,326051,19340,46.096,8.5,39.1,94.3,4.1
스페인,2007,32550,65.8,36.4,58.6,16.91,26.18,248918,385356,19054,42.353,8.2,39,97.5,3.6
스페인,2008,35366,64.5,32.1,59.4,17.04,25.62,276962,416373,20245,47.685,11.3,38,99.7,0.9
스페인,2009,32042,60,29.7,59.5,14.84,19.54,220452,290327,28201,62.656,17.9,38.3,99.8,-3.8
스페인,2010,30503,58.9,31.3,59.6,17.33,22.21,246253,315522,31915,67.377,19.9,39.7,100,0.2
스페인,2011,31636,58,31.2,59.7,20.19,24.54,298523,362914,47099,78.339,21.4,40,100,-0.8
스페인,2012,28324,55.8,32.4,59.8,21.6,24.6,286225,325844,50588,93.456,24.8,40.6,99.9,-3
스페인,2013,29060,54.8,33.1,59.4,23,24.65,311633,333928,46308,106.557,26.1,40.7,100.3,-1.4
스페인,2014,29462,56,33.9,58.9,23.65,26.23,323850,359132,50351,119.473,24.4,40.7,100,1.4
스페인,2015,25732,57.8,33.8,58.8,23.62,26.15,282330,312583,53970,117.075,22.1,39.4,100.6,3.8
스페인,2016,26505,59.6,33.6,58.5,23.31,25.21,287213,310615,63144,117.331,19.6,39.4,100.9,3
스페인,2017,28101,61.1,33.9,58.1,24.4,26.81,319442,351023,69409,115.777,17.2,39.3,102.2,3
스페인,2018,30375,62.4,34.6,57.9,24.29,27.35,345315,388721,70650,114.507,15.3,39.4,103.4,2.4
스페인,2019,29565,63.3,34.6,57.9,23.89,26.73,332965,372424,74715,117.317,14.1,39.4,104.9,2
스페인,2020,27057,61,,56.7,23.94,25.38,306752,325193,81318,146.794,15.5,39.3,106,-10.8
스웨덴,2000,29625,,48.8,60.4,33.46,27.87,87946,73256,15134,64.173,5.5,50.1,83.8,4.8
스웨덴,2001,27248,74.1,46.7,62.7,32.46,26.56,78690,64389,14239,65.889,4.7,49.1,85.9,1.4
스웨덴,2002,29899,73.6,45,62.7,31.19,25.37,83225,67693,17411,66.104,5,47.8,87.2,2.2
스웨덴,2003,37322,72.9,45.4,62.8,30.61,25.23,102338,84357,19991,65.157,5.6,48.2,88.7,2.3
스웨덴,2004,42822,72.1,45.7,62.5,31.83,26.21,122571,100927,24775,64.676,6.7,48.4,89,4.3
스웨덴,2005,43437,72.3,46.7,62.9,33.42,28.32,131081,111083,24890,65.535,7.5,48.1,89.6,2.9
스웨덴,2006,46594,73.1,46.1,63.4,34.73,30.26,146946,128049,28023,59.339,7.1,47.8,91.2,4.7
스웨덴,2007,53700,74.2,45.1,63.7,34.52,31.36,169604,154052,31037,53.722,6.2,45.3,93.7,3.4
스웨덴,2008,56153,74.3,44.1,63.9,35.5,32.52,183770,168333,29717,52.641,6.2,44.8,96.8,-0.5
스웨덴,2009,46947,72.2,43.9,63.3,29.83,27.4,130232,119605,47291,55.974,8.4,43.2,99.1,-4.3
스웨덴,2010,52869,72.2,43.1,70.5,31.74,30.14,157394,149459,48300,53.351,8.6,42.8,100,6
스웨덴,2011,60756,73.6,42.1,70.9,32.81,30.78,188338,176682,50349,53.826,7.8,42.8,101.1,3.2
스웨덴,2012,58038,73.8,42.3,71.1,31.34,29.78,173163,164519,52234,55.144,8,42.9,102.1,-0.6
스웨덴,2013,61127,74.4,42.7,71.5,28.57,27.45,167657,161114,65383,57.993,8.1,43,103,1.2
스웨덴,2014,60020,74.9,42.4,72,28.31,27.83,164733,161976,62499,64.195,8,42.5,104.8,2.7
스웨덴,2015,51545,75.5,42.9,72,27.73,27.32,140090,137980,58107,62.324,7.4,42.6,107.1,4.5
스웨덴,2016,51965,76.2,44.3,72.1,26.93,27.15,138849,139997,59386,61.919,7,42.8,108.7,2.1
스웨덴,2017,53792,76.9,44.3,72.7,28.27,28.44,152954,153863,62216,60.092,6.7,42.9,111,2.6
스웨덴,2018,54589,77.4,43.9,73,30.02,30.5,166766,169405,60567,59.198,6.4,43,113.7,2
스웨덴,2019,51687,77.1,42.9,73.4,30.32,29.9,161089,158835,55490,55.88,6.8,42.6,116.6,1.4
스웨덴,2020,51926,75.5,,73.3,28.7,27.7,154297,148940,58279,63.503,8.3,42.7,118.2,-2.8
스위스,2000,38952,,27.6,67.4,28.75,29.47,80452,82461,53491,53.735,2.7,22.9,90.6,4
스위스,2001,39728,,27,67.8,28.58,29.28,82077,84086,51670,51.901,2.5,22.9,91.5,1.6
스위스,2002,42579,,27.6,67.7,29.66,28.16,91986,87345,61311,57.864,2.9,22.9,91.3,0
스위스,2003,49470,,26.9,67.9,28.91,27.64,104954,100342,69585,56.886,4.1,22.4,92.4,0
스위스,2004,54878,,26.6,67.3,30.33,28.6,123009,115976,74619,58.019,4.3,22.2,92.7,2.8
스위스,2005,56547,77.2,26.6,67,31.13,30.09,130905,126544,57640,55.384,4.4,22.2,93.5,2.9
스위스,2006,59301,77.9,26.4,67.4,33.31,31.87,147844,141430,64497,49.227,4,22.1,95.5,4
스위스,2007,65360,78.6,26.2,67.6,34.86,32.67,172060,161232,75372,45.679,3.7,22.4,97.8,4
스위스,2008,74572,79.5,26.6,68.2,35.13,32.12,200334,183192,74074,45.572,3.4,21.9,99.3,2.8
스위스,2009,72083,79,27,68.2,30.97,27.89,172850,155706,135255,44.017,4.1,21.9,99.7,-2.1
스위스,2010,77117,77.3,26.6,67,32.4,29.22,195512,176305,270296,42.631,4.8,22.1,100,3.3
스위스,2011,91254,78.4,26.9,67.5,32.53,28.85,234866,208280,331872,42.858,4.4,22.3,100,1.9
스위스,2012,86548,78.5,26.9,67.5,45.15,42.76,312464,295961,531050,43.372,4.5,22.1,100,1.2
스위스,2013,88109,78.4,27,67.5,50.21,45.11,357851,321509,535851,42.599,4.8,22.2,99.9,1.8
스위스,2014,89685,78.8,26.9,67.9,42.38,37.55,311203,275742,545529,42.468,4.8,21.9,99.4,2.4
스위스,2015,84776,79.2,27.6,68.2,41.28,36.05,289820,253110,602709,42.377,4.8,21.9,98.2,1.7
스위스,2016,83073,79.6,27.7,68.6,43.54,38.83,302849,270068,679359,41.187,4.9,22.1,97.6,2
스위스,2017,83352,79.8,28.4,68.4,42.52,38.3,299559,269796,811196,41.898,4.8,22.1,97.2,1.6
스위스,2018,86430,80.1,28,68.5,42.24,37.99,310836,279600,786971,39.738,4.7,22.2,97.9,3
스위스,2019,85300,80.5,28.5,68.2,42.92,37.98,313913,277810,854804,40.997,4.4,22.3,97.8,1.1
스위스,2020,86602,79.9,,67.9,42.68,39,319226,291721,1083481,44.047,4.8,22.1,97.3,-2.9
영국,2000,28156,72.5,32.8,61.9,16.98,20.14,281488,333896,50911,49.409,5.6,32.6,80,3.5
영국,2001,27718,72.6,32.4,61.6,16.53,19.83,270939,324926,47417,46.803,4.7,32.2,80.9,2.7
영국,2002,29983,72.6,31.4,61.8,15.64,18.99,278399,337949,54959,49.575,5,32.3,82.6,2.2
영국,2003,34384,72.8,31.1,61.9,14.87,18.61,305005,381754,56350,48.676,4.8,33.8,84.5,3.3
영국,2004,40209,73,32.2,61.9,14.32,18.93,345504,456569,62138,52.002,4.6,33.9,86.7,2.3
영국,2005,41933,72.9,32.5,62.3,15.04,19.31,380961,488959,59135,52.335,4.8,33.9,89,3
영국,2006,44473,72.8,32.7,62.7,16.66,20.71,450853,560523,63824,51.337,5.4,34,91.5,2.7
영국,2007,50445,72.7,32.8,62.5,14.3,20.23,442478,625864,77743,53.06,5.3,34.1,94,2.4
영국,2008,47267,72.6,32.1,62.8,15.89,21.87,464247,638779,64738,65.699,5.6,32.8,96.9,-0.3
영국,2009,38737,70.9,31.1,62.6,14.66,20.07,353627,484216,79618,78.771,7.5,32.4,98.4,-4.1
영국,2010,39537,70.4,32.1,62.4,16.37,22.58,406316,560366,98073,89.44,7.8,32.6,100,2.1
영국,2011,42048,70.3,32.7,62.3,17.83,23.92,474160,636190,109734,103.304,8,32.5,102.1,1.3
영국,2012,42449,71,32.1,62.5,17.31,23.61,467941,638419,117093,107.42,7.9,32.1,103.8,1.4
영국,2013,43401,71.5,32.1,62.6,16.89,23.22,470119,646342,118750,103.324,7.5,31.4,105.6,2.2
영국,2014,47452,72.9,32.1,62.7,15.46,21.96,473968,673186,124488,113.191,6.1,31,107.4,2.9
영국,2015,45039,73.7,32.4,62.8,14.57,20.79,427194,609711,148129,112.633,5.3,30.8,108.1,2.4
영국,2016,41048,74.4,32.6,62.9,14.65,21.41,394678,576539,135044,119.775,4.8,30.9,110.5,1.7
영국,2017,40305,75,32.8,62.9,15.86,22.67,422275,603489,150803,117.066,4.3,31,112.6,1.7
영국,2018,42993,75.6,32.9,63.1,15.88,22.56,453837,644517,172681,113.846,4,31,115.1,1.3
영국,2019,42354,76.2,33,63.2,15.67,22,443715,622640,173568,117.154,3.7,30.9,117.6,1.4
영국,2020,40285,75.4,,,14.08,20.09,381130,543961,180129,144.141,,30.8,,-9.8
오스트레일리아,2000,21679,69.1,30.5,63.1,15.37,17.24,63807,71590,18817,41.148,6.3,31,68,3.9
오스트레일리아,2001,19491,69,28.9,63.3,16.73,17,63318,64310,18664,40.405,6.7,27.6,70.3,1.9
오스트레일리아,2002,20082,69.4,29.8,63.4,16.48,18.5,65020,73017,21567,38.673,6.4,28,72.6,4
오스트레일리아,2003,23447,70,30,63.6,15.08,19.09,70338,89049,33258,35.667,5.9,28.2,74.8,3
오스트레일리아,2004,30431,70.3,30.3,63.5,14.13,17.88,86565,109510,36926,32.311,5.4,28.2,77.5,4.1
오스트레일리아,2005,33999,71.5,30,64.4,15.3,18.04,106097,125107,43257,30.27,5,28.5,81,3.2
오스트레일리아,2006,36045,72.1,29.4,64.8,16.55,18.67,123437,139299,55079,29.578,4.8,28.3,85.1,2.8
오스트레일리아,2007,40960,72.8,29.5,65.2,16.57,19.38,141358,165366,26908,28.28,4.4,27.7,88.8,3.8
오스트레일리아,2008,49602,73.2,26.8,65.5,17.77,19.01,187257,200332,32924,30.595,4.2,26.9,94.6,3.7
오스트레일리아,2009,42772,72.1,25.5,65.4,16.63,17.83,154331,165433,41742,39.163,5.6,26.7,94.8,1.9
오스트레일리아,2010,52022,72.4,25.3,65.4,18.55,17.62,212634,201971,42268,41.985,5.2,26.8,100,2.1
오스트레일리아,2011,62518,72.7,25.9,65.4,19.36,17.43,270387,243380,46826,46.293,5.1,26.7,104.8,2.5
오스트레일리아,2012,68012,72.3,26.9,65.2,16.58,16.85,256413,260603,49147,59.239,5.2,27.3,104.1,3.9
오스트레일리아,2013,68150,72,27.1,64.9,16.03,14.86,252643,234275,52801,55.71,5.7,27.4,105.5,2.6
오스트레일리아,2014,62511,71.6,27.3,64.7,16.35,14.59,239975,214141,53893,61.368,6.1,27.7,105.9,2.5
오스트레일리아,2015,56756,72.2,27.9,65,13.89,11.61,187742,156872,45718,64.18,6.1,28.3,105.2,2.2
오스트레일리아,2016,49971,72.4,27.6,64.9,15.92,12.09,192489,146161,53586,68.392,5.7,28.6,106.3,2.8
오스트레일리아,2017,54028,73,28.5,65.2,17.38,13.22,231072,175698,66584,65.605,5.6,28.6,110.1,2.3
오스트레일리아,2018,57355,73.8,28.7,65.6,17.95,12.28,257174,176018,53875,65.895,5.3,28.9,112.6,2.9
오스트레일리아,2019,55057,74.3,,66,19.41,11.03,271006,154043,58742,75.874,5.2,27.9,116.3,2.2
오스트레일리아,2020,51812,72.7,,65,18.83,11.01,250570,146522,43006,96.876,6.5,28.4,117.5,-0.3
뉴질랜드,2000,13641,70.3,32.5,65.2,25.27,26.42,13298,13906,3952,,6.1,19.4,77,2.9
뉴질랜드,2001,13883,71.4,31.9,65.8,25.48,24.7,13729,13308,3565,,5.4,19.4,80.3,3.5
뉴질랜드,2002,16874,72.1,33.3,66.5,21.59,22.58,14383,15047,4963,,5.3,19.4,80.8,4.7
뉴질랜드,2003,21914,72.2,33.2,66.3,18.73,21.03,16526,18560,6085,,4.8,19.5,81.9,4.5
뉴질랜드,2004,25420,73.2,34.2,66.9,19.58,22.32,20344,23194,6947,,4,19.7,84.7,4
뉴질랜드,2005,27751,74.2,36.1,67.7,18.94,22.87,21728,26233,8893,,3.8,20,86.8,3.3
뉴질랜드,2006,26655,74.8,35.3,68.2,20.11,23.7,22434,26430,14068,,3.9,20.4,88.8,2.9
뉴질랜드,2007,32480,75.1,33.9,68.4,19.41,22.37,26622,30689,17247,,3.7,21.1,92.7,3
뉴질랜드,2008,31253,74.6,32.9,68.3,22.97,25.82,30582,34374,11052,,4.2,20.5,96.3,-1.1
뉴질랜드,2009,28209,72.7,30.2,67.9,20.53,21.07,24921,25568,15594,,6.1,18.1,97.2,-0.1
뉴질랜드,2010,33677,72.1,30.3,67.6,21.36,20.91,31301,30635,16723,,6.6,17,100,1.5
뉴질랜드,2011,38388,72.4,30,67.9,22.38,22.05,37669,37106,17012,,6.5,15.9,102.9,2.3
뉴질랜드,2012,39973,71.9,31.6,67.6,21.17,21.71,37301,38253,17583,,6.9,16.4,102.5,2.2
뉴질랜드,2013,42977,72.7,30.5,67.8,20.66,20.76,39445,39641,16318,,5.8,16.9,105.9,2.7
뉴질랜드,2014,44573,74.2,31.3,68.7,20.68,21.12,41623,42519,15861,,5.4,17.2,108.3,3.8
뉴질랜드,2015,38631,74.2,31.6,68.8,19.29,20.53,34354,36550,14700,,5.4,17.6,108.5,3.7
뉴질랜드,2016,40080,75.6,31.5,70,17.86,19.09,33740,36063,17808,,5.2,17.9,110.5,3.7
뉴질랜드,2017,42993,76.9,31.6,70.9,18.39,19.38,38063,40115,20684,,4.7,18.1,114.2,3.6
뉴질랜드,2018,43306,77.5,32.9,70.9,18.69,20.63,39673,43790,17657,,4.3,18.4,115.6,3.2
뉴질랜드,2019,41999,77.5,32.3,70.6,18.9,20.26,39516,42362,17814,,4.1,18.8,118.2,1.6
뉴질랜드,2020,41792,76.8,,70.3,18.31,17.48,38897,37135,13733,,4.6,19.1,120.6,1
